,level_0,index,image_id,mask,group,histogram
0,0,sukhothai_1600_1700_bronze_ACM_eyebrow_nose_mask,sukhothai_1600_1700_bronze_ACM,eyebrow_nose_mask,0,"[2. 0. 0. 1. 0. 0. 2. 5. 1. 0. 2. 2. 1. 0. 1. 0. 2. 2. 1. 1. 0. 4. 0. 0.
 1. 1. 3. 1. 2. 2. 3. 1. 1. 3. 0. 0. 0. 0. 0. 2. 1. 0. 2. 0. 0. 1. 1. 0.
 0. 1. 1. 0. 0. 1. 1. 2. 3. 0. 3. 1. 0. 2. 0. 0. 1. 2. 2. 2. 1. 1. 2. 3.
 1. 1. 2. 2. 1. 0. 0. 0. 3. 1. 0. 0. 0. 1. 1. 0. 3. 1. 0. 0. 1. 2. 0. 3.
 1. 2. 0. 2. 1. 1. 1. 1. 1. 0. 0. 1. 1. 0. 0. 0. 2. 0. 1. 0. 1. 2. 1. 1.
 0. 1. 1. 0. 1. 2. 1. 1. 0. 0. 0. 0. 0. 1. 1. 0. 0. 1. 1. 0. 2. 0. 0. 0.
 2. 1. 1. 1. 0. 1. 0. 0. 1. 2. 1. 3. 0. 1. 0. 0. 1. 1. 0. 0. 2. 1. 0. 1.
 1. 4. 0. 0. 0. 0. 1. 1. 3. 1. 0. 0. 0. 1. 2. 2. 2. 1. 1. 1. 0. 1. 0. 2.
 4. 0. 2. 1. 1. 0. 0. 0.]"
1,1,test_unknown_1400_1500_bronze_LACMA_eyebrow_nose_mask,test_unknown_1400_1500_bronze_LACMA,eyebrow_nose_mask,2,"[ 0.  2.  0.  0.  0.  1.  0.  0.  4.  0.  0.  0.  0.  0.  1.  0.  0.  1.
  3.  0.  0.  1.  0.  0. 22.  3.  0.  0.  0.  0.  2.  0.  0.  1.  0.  0.
  0.  2.  0.  0.  1.  0.  2.  0.  0.  0.  0.  0.  0.  1.  0.  0.  0.  0.
  0.  0.  0.  0.  2.  0.  1.  3.  0.  1.  1.  0.  1.  1.  0.  0.  1.  0.
  1.  0.  0.  0.  0.  0.  1.  0.  0.  2.  0.  0.  2.  0.  0.  0.  1.  0.
  1.  2.  0.  0.  0.  1.  2.  0.  3.  0.  0.  1.  0.  0.  0.  0.  0.  0.
  1.  0.  0.  0.  0.  1.  1.  1.  0.  1.  0.  2.  0.  1.  0.  0.  1.  0.
  0.  0.  1.  1.  0.  0.  0.  1.  2.  0.  0.  0.  0.  1.  0.  0.  2.  0.
  3.  0.  0.  0.  0.  1.  5.  0.  0.  0.  0.  0.  0.  0.  0.  2.  1.  0.
  0.  0.  0.  0.  0.  0.  1.  0.  0.  1.  0.  0.  0.  1.  1.  2.  1.  0.
  0.  0.  0.  0.  0.  0.  0.  0.  0.  0.  1.  0.  0.  0.  1.  1.  0.  2.
  0.  0.]"
2,2,sukhothai_1650_1700_bronze_walters_eyebrow_nose_mask,sukhothai_1650_1700_bronze_walters,eyebrow_nose_mask,0,"[ 0.  1.  0.  0.  0.  2.  3.  0.  0.  3.  0.  1.  1.  1.  1.  2.  1.  1.
  1.  3.  3.  0.  3.  2.  8.  2.  0.  1.  2.  0.  0.  3.  1.  1.  0.  0.
  1.  2.  1.  3.  0.  0.  2.  1.  0.  3.  1.  2.  1.  1.  8.  0.  0.  0.
  0.  0.  2.  0.  3.  1.  1.  2.  4.  8.  2.  0.  1.  5.  1.  3.  1.  0.
  3.  2.  0.  1.  6.  1.  1.  1.  0.  4.  3.  1.  2.  1.  1.  1.  2.  1.
  7.  1.  2.  2.  0.  1.  3.  5.  2.  0.  2.  2.  0.  0.  2.  0.  3.  1.
  3.  1.  1.  0.  1.  7.  0.  0.  1.  2.  1.  2.  1.  0.  1.  0.  1.  5.
  0.  0.  0.  4.  3.  1.  0.  0.  1.  0.  0.  3.  1.  2.  2.  2.  2.  0.
  2.  3.  1.  1.  5.  0. 13.  0.  1.  5.  1.  0.  3.  1.  3.  2.  0.  3.
  1.  3.  1.  0.  4.  2.  0.  1.  0.  2.  1.  1.  1.  1.  6.  2.  1.  0.
  0.  3.  0.  1.  0.  0.  1.  2.  2.  1.  1.  1.  1.  3.  0.  0.  1.  1.
  1.  0.]"
3,3,test_sukhothai_ayutthaya_1500_1600_copper_standing_ACM_eyebrow_nose_mask,test_sukhothai_ayutthaya_1500_1600_copper_standing_ACM,eyebrow_nose_mask,2,"[ 0.  2.  0.  0.  0.  1.  2.  0.  3.  0.  0.  3.  1.  0.  1.  2.  2.  0.
  0.  2.  1.  0.  2.  1.  0.  3.  0.  1.  0.  2.  0.  2.  0.  3.  1.  2.
  2.  0.  1.  3.  0.  0.  2.  1.  2.  2.  5. 10.  0.  0.  2.  1.  0.  1.
  1.  0.  2.  0.  3.  0.  2.  0.  0.  1.  1.  1.  5.  2.  3.  4.  2.  3.
  3.  1.  4.  0.  2.  0.  0.  1.  1.  1.  0.  1.  3.  1.  7.  0.  0.  0.
  6.  1.  1.  0.  1.  0.  2.  0.  2.  1.  0.  0.  0.  1.  0.  0.  0.  0.
  0.  0.  2.  1.  1.  1.  1.  2.  1.  3.  0.  0.  0.  0.  0.  0.  1.  1.
  0.  1.  2.  1.  0.  0.  0.  1.  0.  1.  0.  2.  0.  1.  2.  1.  2.  0.
  0.  0.  0.  1.  3.  0.  3.  0.  0.  3.  0.  1.  0.  0.  0.  1.  0.  1.
  0.  1.  1.  0.  0.  1.  1.  0.  0.  0.  0.  0.  3.  0.  8.  1.  2.  1.
  1.  0.  0.  0.  1.  0.  2.  0.  3.  0.  1.  1.  1.  0.  1.  3.  1.  0.
  1.  1.]"
4,4,ayutthaya_1600_1650_bronze_walters_eyebrow_nose_mask,ayutthaya_1600_1650_bronze_walters,eyebrow_nose_mask,1,"[2. 2. 0. 0. 0. 0. 3. 3. 4. 8. 0. 3. 5. 0. 1. 0. 1. 9. 0. 2. 0. 5. 2. 1.
 1. 4. 3. 7. 1. 0. 1. 3. 1. 5. 0. 0. 3. 0. 2. 4. 8. 1. 1. 0. 8. 1. 2. 2.
 2. 1. 2. 5. 0. 1. 0. 4. 1. 4. 1. 2. 3. 5. 3. 4. 1. 1. 2. 3. 9. 1. 2. 4.
 1. 1. 1. 1. 1. 5. 1. 2. 0. 2. 4. 2. 1. 3. 2. 7. 0. 3. 0. 7. 2. 0. 0. 2.
 3. 0. 3. 1. 2. 1. 1. 1. 1. 0. 0. 2. 6. 3. 0. 2. 1. 4. 1. 7. 0. 5. 3. 3.
 3. 3. 1. 0. 3. 3. 1. 3. 3. 2. 0. 2. 4. 1. 0. 2. 0. 1. 1. 0. 1. 6. 2. 1.
 3. 0. 2. 1. 3. 3. 5. 1. 2. 2. 2. 2. 4. 0. 2. 2. 1. 1. 3. 3. 2. 1. 4. 1.
 0. 3. 2. 5. 0. 0. 4. 1. 1. 1. 2. 1. 3. 1. 0. 2. 2. 2. 0. 1. 0. 1. 1. 1.
 2. 2. 3. 1. 2. 1. 1. 0.]"
5,5,ayutthaya_1200_sandstone_victoria_albert_eyebrow_nose_mask,ayutthaya_1200_sandstone_victoria_albert,eyebrow_nose_mask,1,"[0. 2. 0. 0. 0. 0. 0. 0. 0. 0. 0. 0. 0. 0. 0. 0. 0. 0. 0. 1. 2. 0. 0. 0.
 6. 4. 0. 0. 0. 0. 0. 1. 0. 0. 0. 1. 0. 1. 0. 1. 0. 0. 2. 0. 0. 0. 0. 0.
 0. 0. 0. 0. 0. 0. 0. 0. 0. 0. 1. 0. 0. 0. 2. 0. 0. 0. 0. 0. 0. 0. 0. 0.
 0. 0. 0. 0. 0. 0. 0. 0. 0. 3. 1. 0. 0. 0. 4. 1. 1. 0. 0. 0. 0. 0. 1. 0.
 0. 2. 0. 0. 0. 0. 0. 0. 1. 0. 0. 1. 0. 0. 1. 0. 0. 0. 0. 0. 0. 0. 0. 1.
 0. 3. 0. 0. 0. 0. 0. 0. 0. 0. 0. 0. 0. 0. 1. 0. 0. 2. 0. 0. 0. 0. 0. 0.
 0. 0. 0. 1. 1. 0. 3. 0. 0. 0. 0. 0. 0. 0. 0. 1. 0. 0. 0. 0. 1. 1. 0. 0.
 1. 0. 0. 0. 0. 0. 0. 2. 2. 1. 0. 0. 0. 0. 0. 0. 0. 0. 0. 0. 0. 0. 0. 0.
 0. 0. 0. 1. 0. 0. 0. 0.]"
6,6,test_unknown_1600_bronze_walters_eyebrow_nose_mask,test_unknown_1600_bronze_walters,eyebrow_nose_mask,2,"[0. 1. 0. 0. 2. 0. 2. 1. 2. 1. 2. 2. 4. 1. 1. 0. 0. 1. 1. 0. 3. 1. 3. 3.
 6. 3. 2. 2. 1. 3. 2. 1. 4. 4. 0. 4. 1. 1. 5. 2. 3. 0. 2. 0. 2. 2. 1. 2.
 3. 1. 4. 2. 0. 2. 0. 0. 1. 2. 0. 2. 3. 5. 2. 5. 2. 2. 4. 1. 1. 0. 2. 3.
 4. 0. 1. 1. 1. 0. 1. 0. 1. 0. 4. 1. 1. 3. 1. 1. 2. 1. 3. 2. 0. 1. 1. 4.
 5. 1. 3. 3. 1. 0. 1. 4. 1. 1. 0. 2. 0. 0. 0. 1. 1. 1. 1. 0. 0. 2. 0. 0.
 0. 2. 0. 0. 0. 1. 0. 2. 5. 1. 1. 0. 0. 2. 0. 1. 1. 3. 1. 0. 1. 2. 3. 0.
 1. 1. 2. 3. 3. 1. 7. 1. 1. 2. 2. 0. 2. 0. 0. 1. 1. 1. 0. 3. 0. 0. 1. 1.
 0. 1. 0. 0. 2. 0. 4. 1. 6. 1. 0. 1. 2. 8. 1. 4. 1. 1. 1. 0. 3. 1. 0. 0.
 0. 3. 2. 0. 3. 2. 3. 0.]"
7,7,sukhothai_1550_bronze_walters_eyebrow_nose_mask,sukhothai_1550_bronze_walters,eyebrow_nose_mask,0,"[2. 1. 0. 0. 1. 1. 2. 0. 2. 0. 1. 1. 0. 2. 0. 1. 0. 0. 1. 2. 0. 0. 0. 0.
 0. 2. 0. 1. 1. 1. 2. 1. 0. 1. 0. 0. 1. 0. 0. 5. 1. 0. 1. 0. 1. 0. 1. 0.
 1. 0. 1. 0. 0. 0. 0. 3. 0. 0. 0. 0. 0. 2. 0. 0. 1. 0. 8. 1. 3. 0. 1. 0.
 0. 0. 0. 1. 0. 0. 0. 0. 0. 4. 0. 0. 0. 1. 1. 1. 0. 2. 2. 1. 0. 0. 0. 0.
 0. 0. 1. 1. 1. 1. 1. 1. 0. 0. 0. 0. 1. 1. 0. 0. 0. 2. 0. 3. 0. 0. 0. 1.
 1. 0. 1. 2. 1. 0. 1. 0. 3. 1. 0. 2. 0. 0. 1. 0. 0. 0. 0. 1. 0. 0. 1. 0.
 0. 0. 0. 0. 1. 1. 4. 0. 0. 0. 0. 0. 0. 0. 1. 1. 1. 0. 1. 0. 1. 0. 1. 0.
 0. 0. 0. 1. 0. 0. 0. 0. 5. 0. 0. 0. 0. 0. 0. 0. 1. 0. 0. 0. 0. 0. 0. 0.
 0. 0. 1. 0. 0. 0. 0. 0.]"
8,8,test_unknown_1500_bronze_cantor_2_eyebrow_nose_mask,test_unknown_1500_bronze_cantor_2,eyebrow_nose_mask,2,"[2. 1. 0. 0. 0. 0. 0. 1. 0. 1. 0. 2. 2. 2. 1. 0. 1. 2. 2. 1. 0. 0. 1. 0.
 8. 4. 0. 2. 1. 1. 0. 1. 0. 1. 1. 0. 0. 1. 2. 2. 0. 0. 2. 0. 0. 1. 0. 0.
 0. 0. 1. 3. 0. 0. 2. 3. 0. 0. 0. 1. 0. 3. 2. 1. 1. 0. 3. 3. 1. 0. 2. 0.
 0. 1. 0. 0. 2. 1. 3. 1. 6. 3. 1. 0. 0. 0. 2. 1. 0. 2. 2. 0. 0. 2. 1. 1.
 1. 2. 0. 1. 3. 0. 0. 1. 1. 1. 1. 0. 1. 0. 6. 0. 0. 3. 0. 1. 0. 0. 0. 3.
 1. 0. 1. 0. 1. 0. 0. 0. 0. 0. 2. 1. 0. 1. 1. 1. 0. 0. 0. 0. 0. 3. 0. 0.
 0. 1. 0. 4. 2. 0. 2. 0. 1. 0. 2. 1. 1. 0. 0. 0. 0. 0. 0. 1. 0. 4. 1. 0.
 1. 1. 0. 0. 0. 0. 0. 1. 1. 0. 1. 2. 0. 0. 0. 0. 0. 0. 0. 0. 2. 0. 1. 0.
 1. 0. 0. 0. 0. 1. 0. 0.]"
9,9,test_unknown_1400_1500_bronze_central_thai_LACMA_eyebrow_nose_mask,test_unknown_1400_1500_bronze_central_thai_LACMA,eyebrow_nose_mask,2,"[ 1.  0.  0.  0.  0.  0.  2.  2.  0.  0.  0.  1.  1.  4.  0.  0.  1.  1.
  1.  1.  1.  0.  1.  2. 17.  1.  0.  4.  1.  2.  0.  1.  2.  2.  0.  3.
  0.  1.  1.  3.  5.  0.  2.  0.  0.  0.  2.  1.  2.  0.  0.  1.  2.  1.
  0.  0.  0.  0.  0.  2.  2.  2.  0.  1.  0.  3.  4.  2.  1.  2.  0.  0.
  1.  1.  1.  1.  1.  0.  2.  0.  0.  4.  0.  1.  0.  1.  1.  0.  0.  0.
  2.  2.  2.  1.  0.  4.  3.  1.  0.  3.  2.  2.  0.  3.  0.  3.  2.  1.
  1.  1.  1.  3.  1.  4.  1.  1.  0.  1.  1.  2.  0.  1.  1.  1.  2.  1.
  0.  1.  4.  0.  1.  2.  0.  3.  2.  0.  2.  2.  0.  2.  0.  0.  1.  0.
  0.  1.  1.  1.  3.  0. 12.  0.  2.  0.  1.  1.  0.  0.  0.  0.  0.  0.
  3.  2.  0.  1.  4.  2.  1.  0.  0.  1.  0.  1.  2.  1.  3.  1.  4.  1.
  2.  1.  0.  1.  2.  0.  1.  1.  1.  1.  2.  1.  0.  2.  0.  0.  1.  0.
  2.  0.]"
10,10,test_unknown_1300_bronze_cantor_eyebrow_nose_mask,test_unknown_1300_bronze_cantor,eyebrow_nose_mask,2,"[2. 0. 0. 0. 4. 2. 1. 0. 3. 1. 1. 0. 1. 0. 3. 1. 1. 2. 9. 2. 1. 1. 1. 0.
 6. 4. 0. 5. 2. 1. 0. 0. 0. 2. 1. 2. 0. 1. 2. 4. 3. 0. 1. 0. 1. 0. 1. 5.
 2. 0. 0. 0. 0. 2. 2. 0. 2. 1. 0. 2. 2. 2. 0. 1. 0. 1. 2. 0. 3. 0. 2. 2.
 2. 1. 0. 0. 1. 0. 2. 2. 0. 1. 0. 1. 1. 2. 3. 3. 0. 2. 3. 1. 0. 2. 0. 0.
 4. 3. 5. 0. 0. 0. 0. 1. 0. 1. 1. 0. 1. 0. 1. 1. 1. 6. 1. 2. 1. 0. 0. 0.
 1. 0. 1. 0. 1. 0. 0. 1. 1. 0. 0. 2. 2. 2. 1. 0. 1. 1. 2. 3. 1. 3. 2. 0.
 2. 0. 1. 2. 1. 1. 5. 0. 0. 3. 1. 0. 0. 0. 1. 4. 2. 1. 0. 4. 1. 0. 1. 0.
 4. 1. 0. 0. 2. 0. 1. 2. 5. 0. 3. 1. 0. 2. 0. 3. 1. 0. 1. 0. 2. 1. 0. 1.
 1. 0. 1. 0. 1. 0. 0. 0.]"
11,11,test_ayutthaya_u_thong_1300_1400_bronze_walters_eyebrow_nose_mask,test_ayutthaya_u_thong_1300_1400_bronze_walters,eyebrow_nose_mask,2,"[1. 0. 0. 0. 2. 0. 1. 0. 0. 2. 1. 1. 2. 1. 1. 1. 2. 2. 0. 1. 0. 4. 0. 0.
 1. 2. 0. 1. 0. 0. 5. 2. 0. 1. 0. 0. 1. 1. 1. 1. 0. 1. 0. 1. 2. 0. 1. 1.
 0. 0. 2. 1. 0. 0. 0. 0. 0. 2. 0. 1. 0. 2. 0. 0. 0. 1. 1. 4. 0. 0. 2. 0.
 0. 0. 1. 4. 0. 1. 0. 1. 0. 1. 0. 0. 1. 0. 1. 0. 2. 1. 0. 1. 1. 0. 0. 1.
 0. 0. 0. 1. 2. 0. 0. 1. 0. 0. 0. 0. 1. 0. 0. 0. 2. 0. 0. 0. 0. 0. 0. 1.
 0. 0. 0. 1. 0. 1. 1. 0. 4. 0. 0. 1. 1. 0. 1. 1. 1. 0. 1. 0. 0. 1. 0. 0.
 4. 1. 1. 1. 0. 2. 1. 0. 0. 1. 1. 2. 0. 1. 1. 2. 0. 0. 0. 3. 0. 0. 0. 1.
 0. 0. 0. 3. 0. 1. 1. 0. 1. 0. 1. 0. 0. 1. 0. 0. 1. 0. 0. 0. 1. 0. 1. 0.
 2. 0. 0. 0. 0. 0. 1. 0.]"
12,12,ayutthaya_1700_bronze_smithsonian_eyebrow_nose_mask,ayutthaya_1700_bronze_smithsonian,eyebrow_nose_mask,1,"[ 0.  1.  0.  0.  0.  1.  0.  1.  0.  0.  0.  0.  0.  1.  0.  0.  0.  0.
  1.  0.  3.  0.  6.  2. 16.  2.  1.  0.  0.  1.  0.  0.  1.  0.  0.  3.
  1.  0.  0.  2.  2.  0.  0.  0.  0.  0.  0.  5.  0.  0.  0.  1.  0.  1.
  0.  0.  0.  0.  1.  0.  0.  2.  0.  0.  1.  0.  0.  1.  0.  0.  2.  0.
  0.  0.  0.  0.  0.  0.  2.  0.  2.  1.  2.  0.  0.  0.  3.  1.  0.  0.
  0.  1.  1.  0.  0.  1.  3.  2.  0.  1.  1.  0.  0.  2.  3.  0.  1.  0.
  1.  0.  8.  0.  0.  0.  0.  2.  2.  0.  0.  3.  1.  2.  0.  0.  0.  0.
  0.  1.  3.  1.  0.  2.  0.  0.  0.  1.  2.  0.  0.  0.  0.  1.  0.  0.
  1.  0.  0.  2.  0.  0.  5.  0.  1.  0.  0.  1.  0.  0.  1.  1.  1.  0.
  0.  0.  0.  4.  2.  1.  3.  0.  0.  1.  0.  1.  0.  0.  1.  1.  1.  0.
  0.  0.  2.  0.  0.  0.  0.  0.  0.  0.  1.  0.  0.  1.  0.  0.  0.  0.
  3.  0.]"
13,13,sukhothai_1600_1700_bronze_ACM_personal_eyebrow_nose_mask,sukhothai_1600_1700_bronze_ACM_personal,eyebrow_nose_mask,0,"[0. 3. 0. 1. 0. 0. 4. 0. 0. 5. 0. 1. 0. 2. 3. 0. 0. 0. 1. 4. 2. 2. 7. 1.
 1. 3. 0. 1. 0. 2. 2. 1. 1. 1. 3. 1. 1. 0. 0. 2. 2. 0. 2. 1. 3. 3. 0. 4.
 1. 0. 3. 2. 0. 0. 3. 1. 0. 0. 1. 0. 1. 4. 0. 3. 5. 1. 2. 1. 2. 1. 1. 0.
 2. 0. 1. 0. 5. 1. 3. 0. 4. 2. 0. 0. 0. 0. 1. 3. 0. 2. 1. 0. 0. 1. 1. 1.
 2. 1. 0. 2. 0. 0. 2. 0. 0. 0. 1. 0. 2. 3. 0. 2. 2. 0. 3. 1. 3. 0. 1. 1.
 0. 2. 0. 0. 1. 0. 0. 1. 0. 0. 0. 2. 3. 3. 1. 1. 0. 1. 2. 1. 1. 0. 0. 0.
 2. 1. 0. 2. 1. 2. 3. 1. 0. 2. 1. 1. 0. 0. 1. 0. 0. 0. 0. 0. 0. 0. 1. 0.
 1. 0. 0. 0. 2. 2. 3. 0. 2. 0. 2. 0. 1. 5. 1. 3. 0. 0. 0. 1. 2. 0. 0. 1.
 0. 0. 0. 0. 3. 1. 1. 0.]"
14,14,test_unknown_1500_1600_stone_met_eyebrow_nose_mask,test_unknown_1500_1600_stone_met,eyebrow_nose_mask,2,"[ 0.  6.  0.  0.  0.  0.  0.  0.  0.  0.  0.  0.  0.  0.  0.  0.  0.  0.
  2.  0.  0.  0.  2.  0. 17.  3.  0.  0.  0.  0.  0.  0.  0.  0.  0.  0.
  0.  0.  0.  0.  0.  0.  2.  0.  0.  0.  0.  0.  0.  0.  0.  0.  0.  0.
  0.  0.  2.  0.  0.  0.  0.  0.  5.  0.  0.  0.  0.  1.  0.  0.  1.  0.
  0.  0.  0.  1.  0.  0.  1.  0.  2.  0.  0.  0.  0.  0.  0.  0.  0.  1.
  3.  0.  0.  0.  0.  0.  2.  0.  0.  0.  2.  2.  0.  0.  0.  0.  0.  0.
  0.  1.  0.  0.  0.  5.  0.  0.  0.  1.  0.  0.  0.  0.  0.  0.  0.  0.
  0.  0.  0.  0.  0.  0.  0.  0.  0.  0.  0.  0.  0.  2.  1.  0.  0.  0.
  0.  0.  0.  0.  0.  0.  6.  0.  0.  1.  0.  0.  0.  0.  0.  0.  1.  0.
  0.  0.  0.  0.  1.  0.  1.  0.  0.  0.  1.  0.  0.  0.  1.  0.  0.  0.
  0.  0.  0.  0.  0.  0.  0.  0.  3.  0.  0.  0.  1.  0.  0.  0.  0.  0.
  1.  0.]"
15,15,ayutthaya_1700_tin_brass_walters_eyebrow_nose_mask,ayutthaya_1700_tin_brass_walters,eyebrow_nose_mask,1,"[1. 1. 0. 0. 0. 0. 2. 0. 5. 1. 1. 1. 1. 2. 2. 1. 0. 3. 6. 1. 0. 0. 0. 2.
 2. 1. 0. 2. 1. 1. 0. 1. 0. 1. 0. 0. 0. 0. 1. 1. 1. 0. 2. 0. 1. 0. 2. 2.
 0. 1. 4. 0. 0. 1. 1. 0. 1. 0. 1. 0. 0. 0. 2. 1. 3. 0. 1. 2. 1. 1. 3. 1.
 3. 0. 1. 0. 4. 0. 3. 3. 2. 1. 2. 0. 1. 0. 1. 1. 1. 1. 3. 0. 1. 0. 0. 1.
 2. 0. 2. 0. 0. 0. 0. 1. 1. 1. 0. 2. 0. 0. 1. 1. 2. 2. 1. 2. 1. 0. 0. 3.
 0. 2. 1. 0. 1. 0. 1. 1. 3. 0. 0. 1. 2. 0. 0. 0. 1. 0. 2. 1. 0. 1. 0. 0.
 1. 0. 1. 1. 0. 1. 5. 0. 1. 1. 0. 0. 0. 0. 1. 1. 2. 0. 1. 0. 1. 0. 0. 0.
 2. 0. 0. 1. 2. 0. 1. 0. 1. 0. 0. 1. 1. 3. 0. 4. 1. 0. 2. 2. 1. 0. 2. 1.
 1. 3. 1. 2. 0. 0. 0. 0.]"
16,16,sukhothai_1584_metal_ACM_personal_eyebrow_nose_mask,sukhothai_1584_metal_ACM_personal,eyebrow_nose_mask,0,"[0. 0. 0. 0. 0. 1. 0. 0. 2. 1. 0. 0. 0. 0. 0. 3. 0. 2. 0. 0. 0. 0. 0. 1.
 4. 0. 0. 0. 1. 0. 0. 0. 1. 0. 0. 1. 0. 1. 0. 1. 1. 0. 3. 1. 1. 0. 0. 2.
 0. 0. 0. 0. 1. 0. 1. 0. 0. 0. 0. 1. 0. 0. 1. 1. 0. 2. 1. 1. 0. 1. 0. 0.
 0. 0. 2. 0. 0. 0. 0. 0. 0. 1. 0. 0. 0. 1. 1. 1. 1. 1. 2. 0. 0. 0. 0. 1.
 0. 0. 0. 0. 2. 0. 0. 2. 1. 0. 0. 2. 1. 0. 0. 2. 2. 1. 0. 1. 1. 0. 0. 1.
 0. 0. 1. 0. 2. 0. 0. 0. 0. 0. 1. 1. 2. 0. 1. 1. 0. 3. 0. 0. 0. 0. 1. 0.
 1. 0. 1. 0. 1. 0. 2. 0. 0. 2. 0. 0. 0. 0. 0. 0. 0. 2. 0. 0. 2. 0. 0. 0.
 0. 0. 0. 2. 1. 0. 0. 0. 4. 0. 1. 0. 0. 1. 0. 1. 0. 0. 0. 0. 0. 0. 0. 0.
 0. 0. 0. 0. 3. 0. 1. 1.]"
17,17,sukhothai_ayutthaya_1400_1500_victoria_albert_eyebrow_nose_mask,sukhothai_ayutthaya_1400_1500_victoria_albert,eyebrow_nose_mask,0,"[2. 3. 0. 1. 1. 2. 1. 4. 3. 4. 4. 0. 2. 1. 3. 2. 2. 2. 4. 4. 5. 0. 5. 0.
 1. 5. 3. 0. 0. 2. 1. 1. 4. 2. 3. 4. 2. 1. 1. 7. 1. 1. 2. 2. 2. 4. 2. 3.
 2. 1. 4. 7. 0. 4. 1. 3. 2. 3. 5. 2. 3. 3. 3. 0. 5. 4. 2. 4. 1. 0. 2. 2.
 2. 1. 2. 2. 9. 6. 6. 1. 4. 3. 2. 5. 6. 3. 2. 0. 2. 1. 4. 2. 2. 2. 4. 1.
 3. 2. 3. 0. 0. 1. 1. 4. 4. 0. 1. 0. 1. 2. 7. 2. 1. 1. 3. 1. 2. 1. 2. 4.
 0. 2. 0. 2. 5. 2. 1. 2. 1. 1. 0. 1. 0. 3. 0. 1. 1. 4. 4. 0. 2. 3. 1. 0.
 1. 2. 4. 9. 1. 9. 1. 5. 5. 7. 4. 0. 1. 0. 0. 2. 3. 0. 1. 1. 0. 8. 0. 1.
 9. 0. 1. 0. 4. 0. 2. 0. 2. 5. 4. 4. 2. 0. 0. 1. 2. 1. 2. 1. 3. 3. 1. 0.
 2. 4. 1. 3. 3. 1. 1. 0.]"
18,18,sukhothai_ayutthaya_1400_1500_walters_eyebrow_nose_mask,sukhothai_ayutthaya_1400_1500_walters,eyebrow_nose_mask,0,"[0. 0. 1. 0. 4. 1. 0. 0. 0. 4. 0. 1. 4. 2. 4. 2. 2. 3. 1. 2. 1. 3. 5. 4.
 6. 3. 1. 3. 4. 3. 0. 4. 1. 1. 2. 0. 1. 1. 1. 3. 1. 1. 2. 1. 2. 2. 2. 3.
 0. 1. 0. 2. 3. 3. 2. 2. 2. 0. 2. 4. 2. 3. 3. 4. 0. 0. 3. 3. 1. 1. 3. 1.
 1. 0. 1. 3. 3. 1. 1. 1. 0. 2. 1. 1. 0. 0. 0. 3. 3. 3. 0. 0. 0. 2. 0. 3.
 2. 2. 5. 0. 2. 0. 0. 1. 2. 0. 0. 2. 0. 1. 3. 1. 1. 1. 1. 4. 0. 3. 3. 0.
 2. 0. 1. 0. 0. 1. 1. 0. 3. 1. 0. 3. 1. 0. 2. 1. 1. 0. 3. 9. 1. 1. 1. 0.
 1. 0. 1. 2. 1. 1. 2. 0. 3. 1. 1. 6. 2. 1. 1. 2. 0. 0. 1. 3. 0. 0. 0. 1.
 0. 2. 0. 1. 0. 1. 2. 1. 5. 1. 0. 1. 5. 1. 2. 0. 1. 1. 2. 1. 1. 1. 5. 1.
 1. 3. 4. 1. 0. 2. 3. 1.]"
19,19,test_ayutthaya_1500_copper_LACMA_cropped_eyebrow_nose_mask,test_ayutthaya_1500_copper_LACMA_cropped,eyebrow_nose_mask,2,"[ 1.  0.  0.  1.  1.  0.  1.  2.  2.  1.  0.  0.  1.  0.  0.  0.  0.  1.
  3.  0.  0.  3.  4.  1. 10.  2.  3.  0.  3.  4.  1.  1.  0.  0.  1.  0.
  0.  2.  0.  4.  2.  0.  1.  0.  2.  2.  0.  2.  1.  0.  2.  3.  0.  0.
  1.  3.  1.  0.  2.  2.  0.  2.  0.  2.  0.  1.  2.  2.  3.  1.  1.  0.
  1.  0.  1.  1.  1.  1.  0.  0.  0.  4.  3.  2.  0.  1.  1.  0.  1.  2.
  2.  2.  0.  0.  0.  0.  2.  0.  0.  0.  3.  0.  1.  1.  1.  0.  1.  0.
  0.  0.  0.  0.  0.  0.  1.  0.  0.  2.  0.  3.  0.  0.  0.  0.  0.  0.
  1.  0.  2.  1.  1.  1.  0.  0.  0.  0.  0.  0.  2.  0.  1.  0.  1.  0.
  1.  1.  0.  3.  0.  1.  3.  0.  0.  0.  0.  2.  1.  0.  0.  1.  0.  0.
  0.  1.  1.  1.  2.  0.  0.  0.  0.  0.  1.  0.  0.  0.  2.  0.  1.  2.
  0.  3.  0.  2.  1.  0.  0.  0.  4.  0.  0.  0.  0.  1.  0.  0.  1.  0.
  3.  2.]"
20,20,ayutthaya_1300_1400_sandstone_eyebrow_nose_mask,ayutthaya_1300_1400_sandstone,eyebrow_nose_mask,1,"[ 1.  3.  0.  1.  1.  1.  1.  1.  2.  1.  1.  0.  2.  0.  1.  0.  0.  0.
  0.  3.  0.  0.  4.  0. 10.  0.  0.  0.  0.  1.  0.  1.  2.  0.  2.  1.
  0.  1.  0.  2.  1.  0.  1.  0.  1.  1.  0.  4.  0.  0.  0.  5.  0.  0.
  0.  1.  1.  1.  1.  0.  1.  0.  0.  2.  0.  0.  1.  1.  0.  1.  2.  0.
  3.  0.  0.  1.  5.  2.  0.  0.  1.  5.  0.  1.  1.  0.  0.  1.  1.  0.
  7.  1.  0.  0.  1.  0.  3.  1.  1.  0.  3.  0.  0.  2.  0.  1.  0.  0.
  0.  1.  0.  1.  0.  4.  0.  1.  1.  0.  1.  1.  0.  0.  0.  0.  1.  0.
  0.  0.  2.  0.  5.  0.  0.  0.  0.  1.  0.  3.  1.  0.  0.  1.  0.  0.
  0.  0.  1.  0.  3.  1.  3.  0.  0.  2.  2.  1.  1.  1.  0.  1.  1.  1.
  0.  1.  1.  0.  2.  0.  1.  0.  0.  0.  0.  0.  0.  0.  6.  0.  1.  0.
  0.  1.  0.  0.  0.  0.  0.  0.  2.  0.  1.  1.  1.  1.  0.  0.  1.  0.
  1.  0.]"
21,21,sukhothai_1600_bronze_walters_2_eyebrow_nose_mask,sukhothai_1600_bronze_walters_2,eyebrow_nose_mask,0,"[ 1.  2.  0.  0.  0.  1.  0.  2.  0.  0.  0.  3.  1.  1.  2.  0.  0.  2.
  0.  0.  2.  3.  9.  1. 10.  3.  0.  2.  1.  0.  1.  3.  0.  2.  1.  0.
  1.  1.  2.  2.  3.  0.  2.  0.  1.  3.  1. 10.  2.  1.  4.  1.  0.  1.
  1.  1.  0.  2.  0.  2.  1.  2.  1.  6.  2.  0.  2.  4.  1.  0.  1.  1.
  1.  0.  2.  2.  6.  0.  0.  0.  0.  4.  0.  1.  1.  1.  6.  2.  2.  2.
  1.  2.  1.  0.  1.  3.  2.  3.  1.  3.  1.  2.  0.  0.  0.  0.  0.  1.
  1.  1.  0.  1.  1.  1.  0.  0.  0.  2.  1.  2.  1.  2.  1.  0.  2.  0.
  0.  0.  0.  0.  0.  1.  0.  1.  1.  1.  1.  6.  0.  2.  1.  1.  0.  0.
  1.  0.  1.  4.  0.  1.  2.  0.  0.  3.  2.  1.  1.  0.  1.  1.  1.  0.
  0.  0.  1.  0.  1.  0.  1.  0.  0.  0.  1.  0.  1.  1.  3.  2.  3.  0.
  1.  1.  1.  1.  0.  1.  1.  0.  4.  0.  0.  0.  1.  2.  0.  0.  1.  0.
  2.  0.]"
22,22,test_sukhothai_walking_1400_bronze_walters_eyebrow_nose_mask,test_sukhothai_walking_1400_bronze_walters,eyebrow_nose_mask,2,"[2. 1. 0. 0. 0. 1. 2. 0. 5. 4. 2. 2. 0. 2. 2. 0. 0. 3. 8. 1. 3. 1. 1. 1.
 2. 1. 0. 2. 3. 1. 0. 2. 0. 1. 0. 0. 1. 0. 1. 2. 2. 0. 0. 0. 2. 1. 1. 5.
 1. 1. 1. 1. 0. 0. 1. 0. 2. 0. 2. 0. 0. 1. 2. 2. 0. 0. 1. 2. 2. 1. 0. 1.
 2. 0. 2. 0. 1. 2. 0. 3. 0. 4. 2. 0. 1. 0. 3. 2. 3. 4. 3. 0. 1. 1. 1. 1.
 1. 1. 1. 1. 0. 0. 0. 4. 0. 0. 2. 1. 2. 0. 1. 0. 2. 2. 0. 1. 1. 0. 1. 0.
 0. 1. 2. 0. 1. 1. 0. 1. 0. 0. 0. 2. 1. 0. 0. 0. 0. 1. 1. 3. 1. 1. 0. 0.
 0. 0. 1. 0. 1. 1. 3. 0. 0. 4. 2. 1. 1. 0. 2. 4. 0. 0. 0. 0. 0. 0. 1. 0.
 0. 0. 1. 1. 1. 0. 0. 0. 1. 3. 0. 1. 1. 1. 1. 1. 1. 0. 1. 0. 1. 0. 1. 0.
 1. 2. 1. 0. 2. 2. 4. 0.]"
23,23,test_unknown_1700_bronze_cantor_eyebrow_nose_mask,test_unknown_1700_bronze_cantor,eyebrow_nose_mask,2,"[0. 3. 0. 1. 0. 0. 0. 0. 0. 0. 1. 0. 2. 0. 2. 0. 0. 0. 0. 0. 2. 0. 2. 0.
 8. 0. 0. 0. 0. 0. 0. 0. 0. 1. 0. 0. 1. 0. 0. 1. 0. 0. 2. 0. 0. 0. 0. 2.
 0. 0. 2. 2. 0. 0. 0. 0. 2. 0. 2. 0. 1. 1. 0. 0. 1. 0. 0. 0. 1. 1. 1. 0.
 0. 1. 0. 2. 0. 0. 0. 1. 0. 1. 2. 0. 1. 0. 3. 0. 1. 0. 0. 2. 0. 0. 1. 0.
 4. 2. 0. 1. 0. 0. 2. 0. 1. 0. 0. 2. 0. 0. 0. 0. 2. 0. 1. 0. 1. 0. 0. 2.
 0. 0. 0. 0. 2. 0. 0. 0. 0. 0. 0. 0. 0. 0. 1. 0. 0. 0. 0. 0. 2. 0. 0. 0.
 0. 1. 1. 2. 0. 1. 4. 0. 1. 0. 0. 0. 0. 0. 0. 0. 1. 0. 1. 0. 0. 0. 1. 0.
 0. 0. 0. 0. 0. 0. 2. 2. 3. 0. 0. 0. 0. 1. 0. 2. 2. 0. 0. 0. 1. 0. 0. 0.
 0. 1. 0. 0. 0. 0. 1. 1.]"
24,24,ayutthaya_buddha_1347_bronze_NGAustralia_eyebrow_nose_mask,ayutthaya_buddha_1347_bronze_NGAustralia,eyebrow_nose_mask,1,"[ 0.  1.  0.  0.  0.  2.  0.  0.  9. 12.  0.  1.  0.  0.  0.  1.  0.  0.
  0.  1.  0.  1.  1.  0.  4.  0.  2.  0.  0.  0.  0.  1.  0.  0.  0.  0.
  0.  0.  0.  0.  3.  0.  2.  0.  0.  1.  0.  1.  0.  0.  1.  0.  0.  0.
  0.  0.  0.  0.  0.  0.  0.  2.  0.  3.  0.  0.  3.  1.  0.  3.  0.  0.
  0.  1.  0.  0.  0.  0.  0.  0.  1.  3.  2.  0.  0.  0.  4.  0.  0.  1.
  0.  2.  1.  0.  0.  0.  2.  0.  2.  0.  0.  0.  2.  0.  0.  0.  0.  1.
  3.  0.  0.  0.  1.  3.  0.  6.  0.  0.  0.  2.  0.  0.  0.  0.  0.  0.
  0.  0.  0.  1.  0.  0.  1.  0.  0.  1.  0.  2.  0.  0.  0.  3.  0.  0.
  0.  0.  0.  0.  0.  0.  3.  1.  0.  1.  1.  0.  0.  0.  0.  0.  0.  0.
  1.  0.  0.  0.  0.  0.  0.  0.  0.  0.  0.  0.  0.  0.  4.  0.  0.  2.
  0.  0.  0.  1.  0.  0.  0.  0.  0.  0.  0.  0.  0.  0.  0.  0.  0.  0.
  0.  0.]"
25,25,sukhothai_1300_1400_bronze_british_museum_eyebrow_nose_mask,sukhothai_1300_1400_bronze_british_museum,eyebrow_nose_mask,0,"[ 0.  3.  0.  0.  2.  0.  1.  0.  1.  7.  1.  0.  0.  0.  1.  0.  0.  0.
  6.  0.  0.  0.  2.  1. 14.  1.  0.  3.  2.  1.  0.  1.  0.  0.  0.  0.
  2.  1.  2.  2.  1.  0.  0.  0.  0.  0.  0.  0.  1.  0.  0.  0.  0.  0.
  0.  0.  0.  0.  2.  0.  1.  4.  1.  1.  0.  1.  4.  1.  1.  1.  0.  0.
  0.  0.  0.  0.  0.  0.  3.  1.  0.  2.  1.  0.  0.  1.  0.  1.  1.  1.
  3.  0.  1.  0.  0.  0.  4.  0.  1.  3.  2.  0.  1.  1.  3.  0.  0.  0.
  1.  0.  9.  1.  0.  1.  0.  0.  0.  0.  0.  2.  0.  1.  0.  0.  0.  1.
  1.  0.  2.  1.  0.  1.  0.  1.  2.  1.  0.  1.  0.  0.  1.  1.  0.  0.
  0.  0.  1.  0.  2.  0.  4.  0.  0.  1.  0.  0.  0.  1.  2.  0.  0.  0.
  1.  0.  0.  1.  0.  0.  0.  0.  0.  0.  0.  0.  0.  1. 10.  1.  1.  3.
  1.  0.  0.  0.  0.  0.  0.  0.  2.  0.  0.  0.  0.  0.  0.  0.  0.  0.
  1.  0.]"
26,26,ayutthaya_1300_1400_bronze_walters_eyebrow_nose_mask,ayutthaya_1300_1400_bronze_walters,eyebrow_nose_mask,1,"[0. 2. 0. 0. 0. 3. 1. 2. 1. 2. 0. 0. 0. 1. 1. 1. 0. 0. 0. 0. 1. 1. 0. 0.
 6. 2. 1. 0. 1. 1. 1. 2. 1. 1. 0. 0. 0. 1. 0. 1. 1. 0. 0. 0. 0. 1. 0. 2.
 0. 0. 0. 1. 0. 0. 0. 0. 2. 0. 0. 0. 0. 4. 0. 1. 2. 1. 1. 3. 1. 0. 4. 0.
 1. 1. 0. 1. 0. 0. 2. 1. 0. 2. 0. 0. 0. 0. 1. 1. 2. 1. 6. 0. 1. 0. 0. 0.
 2. 0. 0. 0. 1. 0. 0. 0. 0. 0. 0. 0. 1. 0. 1. 1. 0. 1. 0. 2. 0. 1. 0. 0.
 0. 0. 0. 2. 2. 0. 0. 0. 1. 0. 0. 0. 1. 0. 1. 0. 0. 3. 0. 1. 0. 0. 1. 0.
 2. 0. 1. 1. 1. 1. 4. 0. 0. 3. 0. 0. 0. 0. 2. 0. 0. 0. 1. 0. 0. 0. 0. 1.
 0. 1. 0. 2. 0. 0. 0. 0. 5. 0. 0. 0. 1. 2. 0. 1. 1. 1. 0. 0. 2. 0. 0. 0.
 2. 0. 0. 0. 0. 0. 1. 0.]"
27,27,sukhothai_1584_metal_ACM_eyebrow_nose_mask,sukhothai_1584_metal_ACM,eyebrow_nose_mask,0,"[3. 0. 0. 0. 3. 2. 1. 2. 0. 3. 2. 1. 2. 0. 1. 1. 3. 1. 0. 5. 0. 0. 6. 2.
 3. 2. 0. 2. 2. 2. 2. 1. 4. 3. 1. 3. 1. 0. 2. 4. 2. 1. 2. 0. 1. 3. 0. 3.
 4. 1. 2. 2. 1. 1. 1. 4. 3. 2. 1. 1. 2. 2. 0. 3. 3. 0. 3. 0. 2. 2. 1. 2.
 3. 3. 1. 2. 1. 1. 0. 3. 0. 2. 4. 1. 0. 4. 3. 1. 2. 1. 1. 3. 2. 3. 1. 1.
 3. 5. 3. 4. 2. 1. 0. 3. 1. 1. 0. 2. 1. 0. 0. 1. 0. 3. 1. 2. 1. 5. 3. 1.
 2. 0. 0. 2. 1. 2. 1. 1. 2. 2. 0. 0. 0. 0. 0. 1. 1. 6. 1. 1. 3. 5. 1. 2.
 0. 0. 3. 4. 4. 2. 6. 0. 0. 1. 3. 2. 0. 1. 0. 3. 2. 2. 4. 2. 2. 1. 2. 1.
 0. 0. 3. 1. 2. 1. 1. 1. 1. 1. 2. 0. 2. 0. 0. 2. 2. 5. 2. 0. 1. 3. 1. 2.
 2. 1. 2. 0. 0. 1. 1. 2.]"
28,28,ayuthuya_early_1400_bronze_walters_eyebrow_nose_mask,ayuthuya_early_1400_bronze_walters,eyebrow_nose_mask,1,"[ 0.  3.  0.  0.  1.  1.  0.  2.  1.  1.  1.  0.  0.  0.  5.  0.  0.  1.
  2.  1.  3.  1.  3.  0. 10.  1.  1.  0.  1.  0.  0.  2.  0.  0.  0.  1.
  2.  1.  0.  1.  3.  0.  0.  0.  0.  3.  0.  2.  2.  1.  0.  2.  1.  1.
  1.  1.  0.  0.  0.  0.  0.  1.  1.  0.  0.  2.  0.  2.  1.  1.  1.  0.
  3.  3.  4.  0.  1.  0.  1.  0.  3.  2.  0.  0.  0.  0.  5.  0.  3.  0.
  4.  1.  0.  0.  1.  1.  4.  1.  2.  1.  1.  2.  0.  2.  1.  0.  1.  0.
  0.  0.  2.  2.  0.  1.  3.  4.  0.  1.  0.  3.  1.  3.  0.  1.  0.  0.
  0.  1.  0.  1.  0.  0.  0.  0.  0.  1.  0.  3.  0.  5.  0.  0.  0.  0.
  1.  0.  2.  2.  1.  1.  2.  0.  0.  3.  1.  1.  0.  0.  0.  2.  3.  3.
  0.  1.  1.  0.  2.  2.  0.  0.  1.  0.  3.  0.  0.  0.  4.  1.  1.  0.
  1.  1.  0.  0.  1.  0.  2.  0.  0.  0.  0.  0.  0.  0.  0.  1.  1.  0.
  0.  0.]"
29,29,test_sukhothai_buddha_1300_copper_LACMA_eyebrow_nose_mask,test_sukhothai_buddha_1300_copper_LACMA,eyebrow_nose_mask,2,"[ 0.  2.  0.  0.  0.  0.  1.  1.  0.  2.  1.  0.  1.  1.  2.  0.  0.  1.
  1.  1.  1.  1.  4.  1. 13.  0.  1.  0.  0.  0.  2.  0.  0.  3.  2.  0.
  2.  0.  1.  2.  2.  0.  0.  0.  1.  1.  0.  1.  1.  0.  2.  2.  0.  0.
  1.  0.  1.  1.  1.  0.  1.  3.  0.  1.  2.  2.  2.  1.  0.  0.  2.  0.
  0.  0.  0.  2.  1.  0.  0.  0.  1.  1.  1.  0.  0.  1.  0.  0.  0.  0.
  2.  2.  0.  0.  0.  0.  4.  1.  1.  1.  1.  0.  0.  0.  2.  0.  3.  0.
  1.  1.  1.  0.  0.  4.  0.  1.  0.  2.  2.  1.  2.  2.  0.  0.  4.  0.
  0.  0.  3.  0.  0.  1.  0.  0.  1.  1.  0.  0.  0.  0.  0.  0.  0.  0.
  0.  1.  0.  3.  1.  0.  4.  0.  2.  3.  1.  1.  0.  0.  0.  1.  1.  0.
  0.  0.  0.  0.  2.  0.  2.  1.  0.  0.  0.  0.  4.  0.  7.  0.  2.  0.
  2.  0.  0.  2.  1.  0.  0.  0.  0.  0.  1.  0.  0.  0.  2.  0.  0.  0.
  0.  1.]"
30,30,test_unknown_1500_bronze_cantor_3_eyebrow_nose_mask,test_unknown_1500_bronze_cantor_3,eyebrow_nose_mask,2,"[0. 1. 0. 0. 2. 2. 2. 1. 0. 1. 1. 1. 2. 0. 0. 5. 0. 3. 3. 5. 2. 2. 7. 3.
 1. 6. 0. 1. 1. 1. 0. 3. 5. 2. 0. 0. 2. 2. 3. 2. 2. 0. 2. 1. 5. 2. 0. 2.
 0. 0. 1. 0. 0. 0. 3. 2. 1. 0. 1. 0. 3. 4. 2. 0. 1. 1. 4. 1. 4. 1. 1. 4.
 0. 3. 1. 1. 4. 2. 3. 1. 1. 6. 1. 3. 0. 0. 4. 0. 0. 2. 0. 4. 1. 1. 0. 1.
 1. 1. 0. 1. 1. 0. 0. 3. 2. 0. 1. 1. 2. 0. 2. 2. 1. 3. 2. 2. 2. 1. 1. 1.
 0. 0. 1. 1. 4. 0. 0. 1. 1. 0. 2. 0. 1. 3. 1. 5. 0. 1. 1. 0. 3. 1. 0. 0.
 2. 0. 0. 7. 4. 2. 2. 1. 1. 4. 5. 2. 2. 0. 1. 1. 1. 3. 2. 0. 2. 1. 0. 1.
 2. 4. 0. 1. 0. 0. 1. 2. 4. 0. 1. 1. 2. 1. 0. 1. 2. 1. 0. 0. 1. 3. 3. 0.
 0. 3. 0. 0. 1. 2. 2. 1.]"
31,31,ayutthaya_1600_crowned_bronze_victoria_albert_eyebrow_nose_mask,ayutthaya_1600_crowned_bronze_victoria_albert,eyebrow_nose_mask,1,"[ 0.  2.  0.  0.  1.  2.  0.  1.  5.  3.  1.  0.  1.  0.  0.  2.  0.  1.
  0.  0.  0.  0.  0.  0.  4.  0.  0.  2.  0.  0.  1.  1.  0.  0.  0.  0.
  0.  0.  0.  1.  0.  0.  2.  0.  2.  0.  0.  1.  0.  0.  0.  0.  0.  0.
  0.  0.  3.  0.  0.  0.  0.  0.  0.  1.  0.  0.  3.  1.  4.  0.  1.  0.
  0.  0.  1.  1.  0.  0.  0.  0.  0.  2.  0.  0.  1.  0.  0.  0.  0.  2.
 10.  0.  0.  0.  0.  0.  2.  0.  0.  0.  0.  0.  0.  0.  0.  0.  0.  0.
  1.  0.  0.  1.  0.  2.  2.  0.  0.  0.  0.  1.  1.  0.  0.  1.  0.  0.
  0.  1.  0.  0.  0.  0.  0.  0.  1.  0.  0.  0.  0.  0.  0.  1.  0.  0.
  4.  0.  0.  0.  0.  0.  4.  0.  0.  2.  0.  0.  0.  0.  0.  0.  0.  0.
  0.  0.  1.  0.  1.  0.  0.  0.  0.  2.  0.  0.  2.  0.  4.  0.  0.  0.
  0.  1.  0.  0.  0.  0.  0.  0.  0.  0.  0.  0.  0.  0.  0.  0.  0.  0.
  0.  0.]"
32,32,test_unknown_1500_bronze_met_eyebrow_nose_mask,test_unknown_1500_bronze_met,eyebrow_nose_mask,2,"[0. 2. 0. 0. 1. 0. 0. 0. 4. 1. 0. 0. 1. 0. 3. 0. 0. 3. 2. 0. 6. 0. 9. 0.
 8. 2. 0. 0. 1. 0. 0. 0. 1. 0. 1. 0. 0. 0. 1. 4. 0. 1. 1. 0. 2. 1. 0. 3.
 0. 1. 3. 0. 1. 1. 1. 5. 3. 1. 0. 0. 0. 5. 1. 2. 3. 2. 1. 0. 6. 0. 3. 0.
 1. 1. 5. 3. 1. 3. 2. 1. 1. 5. 0. 0. 1. 3. 5. 2. 0. 2. 3. 2. 1. 2. 0. 0.
 2. 5. 1. 1. 2. 0. 0. 5. 2. 1. 0. 3. 3. 0. 0. 2. 3. 2. 1. 5. 1. 1. 0. 1.
 1. 0. 0. 0. 1. 4. 1. 0. 1. 1. 2. 0. 0. 1. 2. 0. 2. 0. 1. 1. 1. 2. 1. 0.
 0. 0. 2. 4. 1. 1. 1. 0. 1. 5. 2. 2. 2. 0. 3. 3. 0. 1. 0. 0. 1. 1. 1. 0.
 1. 1. 0. 1. 0. 0. 1. 1. 2. 1. 0. 1. 0. 2. 0. 1. 1. 2. 0. 0. 3. 1. 3. 0.
 0. 2. 1. 0. 1. 1. 1. 0.]"
33,33,test_ayutthaya_1600_1625_bronze_walters_eyebrow_nose_mask,test_ayutthaya_1600_1625_bronze_walters,eyebrow_nose_mask,2,"[ 1.  1.  0.  1.  2.  3.  2.  1.  3.  2.  1.  2.  7.  3.  2.  2.  0.  4.
  3.  2.  2.  4.  3.  0.  2.  4.  1.  4.  1.  2.  2.  2.  1.  0.  0.  2.
  0.  0.  3.  1.  2.  0.  2.  0.  2.  0.  4.  5.  1.  2.  1.  1.  1.  1.
  1.  1.  1.  4.  0.  1.  2.  4.  0.  4.  4.  1.  2.  4.  3.  1.  2.  4.
  3.  0.  3.  0.  0.  3.  0.  2.  1.  2.  3.  3.  0.  1.  6.  6.  2.  2.
  1.  4.  1.  3.  3.  0.  4.  1.  4.  4.  1.  0.  1.  1.  5.  0.  1.  4.
  0.  0.  1.  3.  0.  0.  2.  6.  2.  1.  0.  2.  0.  3.  2.  1.  0.  4.
  1.  1.  4.  6.  2.  1.  0.  2.  0.  3.  1.  2.  1.  5.  5.  0.  1.  0.
  3.  0.  4.  1.  6.  1. 11.  0.  3.  5.  1.  0.  0.  1.  1.  4.  2.  1.
  1.  3.  4.  3.  2.  1.  1.  0.  0.  2.  1.  0.  1.  0.  6.  5.  1.  3.
  2.  5.  1.  2.  5.  0.  2.  0.  1.  1.  1.  0.  1.  2.  2.  2.  1.  1.
  0.  1.]"
34,34,test_ayutthaya_1300_u_thong_bronze_NSW_eyebrow_nose_mask,test_ayutthaya_1300_u_thong_bronze_NSW,eyebrow_nose_mask,2,"[0. 1. 0. 0. 0. 0. 0. 0. 0. 0. 0. 0. 2. 0. 0. 0. 0. 0. 2. 2. 0. 0. 0. 0.
 5. 1. 1. 0. 0. 1. 0. 2. 0. 2. 0. 1. 0. 0. 2. 3. 0. 0. 0. 2. 1. 1. 0. 3.
 0. 0. 0. 1. 0. 0. 0. 1. 2. 0. 1. 0. 2. 1. 0. 0. 0. 1. 3. 0. 1. 0. 1. 2.
 0. 1. 0. 0. 4. 0. 1. 0. 1. 2. 1. 0. 0. 0. 7. 0. 0. 2. 0. 1. 0. 2. 1. 1.
 0. 0. 0. 0. 0. 4. 0. 1. 1. 0. 0. 2. 2. 1. 1. 0. 1. 0. 0. 1. 1. 1. 1. 2.
 0. 2. 0. 0. 0. 2. 0. 0. 0. 1. 0. 0. 0. 0. 0. 2. 0. 0. 1. 0. 0. 0. 0. 0.
 0. 0. 0. 1. 2. 1. 0. 0. 0. 0. 0. 1. 0. 0. 0. 0. 0. 0. 0. 0. 1. 1. 0. 0.
 0. 0. 0. 1. 0. 1. 0. 0. 3. 3. 2. 1. 0. 1. 0. 0. 0. 0. 0. 0. 1. 0. 0. 0.
 1. 1. 0. 1. 1. 0. 1. 0.]"
35,35,ayutthaya_1300_sandstone_LACMA_eyebrow_nose_mask,ayutthaya_1300_sandstone_LACMA,eyebrow_nose_mask,1,"[0. 1. 0. 0. 0. 0. 0. 1. 0. 0. 0. 0. 0. 0. 0. 0. 0. 3. 0. 0. 1. 0. 2. 0.
 8. 1. 0. 0. 0. 0. 1. 0. 1. 0. 0. 5. 0. 0. 0. 1. 0. 0. 2. 1. 0. 0. 2. 0.
 1. 1. 0. 1. 0. 0. 0. 0. 2. 0. 4. 1. 0. 0. 1. 1. 4. 0. 0. 1. 0. 1. 1. 0.
 0. 1. 0. 0. 1. 0. 0. 1. 5. 2. 0. 0. 0. 0. 1. 3. 0. 0. 1. 0. 0. 0. 1. 1.
 1. 0. 0. 2. 1. 0. 1. 1. 1. 0. 0. 0. 0. 1. 1. 0. 0. 0. 1. 0. 0. 1. 0. 0.
 0. 0. 0. 0. 0. 1. 0. 0. 1. 0. 0. 0. 0. 2. 1. 0. 0. 1. 0. 1. 1. 2. 0. 0.
 1. 0. 0. 2. 1. 0. 1. 0. 1. 0. 0. 0. 0. 0. 0. 1. 0. 0. 0. 0. 0. 3. 1. 0.
 0. 0. 0. 0. 1. 0. 0. 2. 6. 3. 0. 1. 1. 0. 0. 0. 0. 0. 0. 0. 0. 0. 1. 0.
 2. 0. 0. 0. 0. 0. 0. 0.]"
36,36,test_unknown_1400_copper_lacma_eyebrow_nose_mask,test_unknown_1400_copper_lacma,eyebrow_nose_mask,2,"[0. 1. 0. 0. 0. 1. 0. 1. 5. 3. 0. 0. 0. 2. 3. 0. 0. 3. 3. 0. 0. 0. 0. 0.
 9. 3. 1. 1. 1. 0. 0. 2. 0. 0. 0. 2. 1. 0. 0. 3. 1. 0. 2. 0. 1. 0. 1. 0.
 0. 1. 0. 0. 1. 1. 1. 2. 3. 0. 1. 0. 0. 3. 1. 2. 0. 1. 3. 2. 5. 3. 0. 0.
 2. 0. 0. 2. 0. 1. 1. 1. 1. 2. 0. 0. 0. 0. 2. 1. 1. 2. 0. 1. 0. 0. 0. 0.
 3. 0. 6. 1. 1. 1. 1. 2. 2. 0. 1. 0. 2. 1. 1. 0. 0. 2. 0. 5. 0. 1. 0. 1.
 0. 0. 0. 1. 0. 1. 0. 0. 4. 0. 2. 2. 1. 0. 0. 0. 1. 1. 1. 5. 0. 2. 1. 0.
 2. 2. 0. 0. 0. 1. 2. 0. 0. 1. 0. 0. 1. 0. 1. 3. 0. 1. 0. 1. 0. 3. 0. 0.
 0. 1. 0. 3. 0. 0. 1. 1. 3. 0. 0. 3. 0. 1. 0. 2. 0. 0. 1. 0. 0. 1. 1. 1.
 1. 1. 0. 0. 0. 1. 0. 1.]"
37,37,ayutthaya_1300_1500_bronze_victoria_albert_eyebrow_nose_mask,ayutthaya_1300_1500_bronze_victoria_albert,eyebrow_nose_mask,1,"[ 0.  0.  0.  0.  1.  0.  0.  0.  4.  3.  0.  0.  0.  1.  0.  2.  1.  3.
  0.  0.  0.  1.  1.  0. 15.  2.  0.  0.  0.  0.  1.  0.  0.  0.  0.  2.
  0.  0.  0.  0.  0.  0.  2.  0.  1.  0.  0.  0.  1.  0.  0.  0.  0.  0.
  0.  0.  2.  0.  1.  1.  0.  2.  0.  2.  1.  0.  6.  1.  3.  0.  0.  0.
  0.  1.  0.  0.  0.  0.  1.  0.  0.  0.  0.  0.  0.  0.  0.  1.  0.  0.
  1.  0.  0.  0.  0.  0.  4.  1.  0.  0.  0.  0.  0.  0.  0.  0.  0.  0.
  1.  0.  0.  0.  0.  0.  1.  2.  0.  0.  0.  1.  0.  0.  0.  0.  0.  0.
  0.  0.  1.  0.  0.  0.  1.  0.  0.  1.  0.  0.  0.  1.  0.  0.  1.  0.
  2.  0.  0.  0.  1.  0.  5.  0.  0.  0.  1.  0.  0.  0.  0.  2.  0.  0.
  0.  2.  0.  0.  0.  0.  0.  0.  0.  1.  1.  0.  0.  1.  5.  0.  1.  0.
  0.  2.  0.  0.  0.  0.  0.  0.  0.  0.  2.  0.  2.  0.  0.  0.  0.  1.
  1.  0.]"
38,38,sukhothai_1550_1600_bronze_walters_eyebrow_nose_mask,sukhothai_1550_1600_bronze_walters,eyebrow_nose_mask,0,"[ 0.  2.  0.  0.  0.  0.  0.  0.  2.  0.  1.  0.  1.  0.  0.  0.  0.  1.
  0.  1.  0.  0.  0.  0. 11.  0.  0.  2.  1.  0.  1.  0.  1.  0.  0.  1.
  0.  0.  0.  2.  2.  0.  0.  1.  0.  0.  1.  0.  0.  0.  1.  0.  0.  0.
  0.  1.  0.  0.  0.  0.  0.  3.  0.  0.  0.  0.  2.  0.  0.  0.  3.  0.
  0.  0.  0.  0.  0.  0.  2.  0.  0.  2.  1.  0.  0.  1.  0.  0.  0.  0.
  1.  0.  0.  0.  0.  0.  0.  0.  0.  0.  0.  0.  0.  0.  0.  0.  1.  1.
  2.  0.  0.  0.  0.  2.  1.  1.  0.  0.  0.  0.  0.  3.  0.  0.  1.  0.
  0.  0.  1.  0.  1.  2.  0.  0.  1.  1.  1.  1.  0.  1.  1.  0.  0.  0.
  1.  0.  0.  0.  0.  0.  3.  0.  0.  0.  0.  0.  0.  0.  1.  0.  0.  0.
  0.  0.  0.  0.  1.  0.  0.  0.  0.  1.  0.  0.  0.  1.  7.  0.  0.  0.
  1.  1.  0.  2.  0.  0.  0.  0.  0.  0.  0.  0.  0.  0.  0.  1.  0.  1.
  1.  0.]"
39,39,sukhothai_buddha_1300_copper_art_gallery_NSW_eyebrow_nose_mask,sukhothai_buddha_1300_copper_art_gallery_NSW,eyebrow_nose_mask,0,"[2. 0. 0. 0. 0. 1. 2. 0. 4. 6. 0. 0. 1. 1. 0. 0. 0. 0. 2. 0. 1. 4. 0. 1.
 3. 3. 2. 1. 1. 0. 1. 1. 1. 1. 1. 1. 0. 0. 2. 1. 3. 0. 2. 1. 2. 0. 1. 4.
 0. 1. 0. 0. 0. 0. 1. 0. 0. 1. 1. 0. 0. 2. 0. 9. 0. 2. 0. 0. 2. 1. 1. 0.
 2. 0. 0. 0. 2. 2. 1. 0. 1. 2. 1. 0. 0. 0. 3. 1. 1. 0. 3. 2. 0. 0. 1. 0.
 1. 1. 2. 0. 0. 1. 1. 0. 1. 1. 0. 0. 2. 0. 1. 0. 1. 3. 1. 5. 0. 0. 0. 0.
 0. 1. 1. 0. 0. 0. 1. 0. 2. 0. 2. 0. 0. 0. 1. 1. 0. 0. 0. 4. 0. 1. 1. 0.
 4. 0. 0. 0. 1. 0. 3. 0. 0. 4. 1. 1. 1. 0. 1. 1. 0. 0. 1. 1. 1. 0. 1. 1.
 0. 0. 0. 1. 1. 0. 0. 0. 4. 1. 1. 0. 1. 4. 0. 3. 1. 0. 0. 0. 1. 0. 0. 0.
 1. 0. 0. 1. 2. 0. 3. 0.]"
40,40,test_unknown_buddha_1400_1500_bronze_met_eyebrow_nose_mask,test_unknown_buddha_1400_1500_bronze_met,eyebrow_nose_mask,2,"[0. 4. 0. 0. 1. 2. 2. 1. 0. 2. 1. 0. 2. 2. 2. 0. 0. 1. 5. 2. 2. 2. 5. 3.
 7. 3. 0. 0. 2. 3. 0. 3. 6. 3. 0. 0. 6. 2. 2. 2. 4. 0. 0. 0. 0. 1. 1. 0.
 2. 1. 5. 3. 0. 1. 1. 1. 2. 1. 4. 1. 1. 6. 2. 5. 4. 2. 3. 0. 1. 0. 3. 0.
 1. 2. 1. 1. 3. 0. 2. 0. 2. 2. 3. 3. 0. 0. 1. 1. 1. 3. 2. 4. 2. 2. 1. 0.
 2. 2. 9. 1. 1. 1. 3. 1. 0. 0. 0. 1. 2. 2. 0. 1. 2. 1. 1. 2. 0. 0. 3. 1.
 0. 3. 1. 0. 3. 0. 2. 0. 4. 2. 1. 1. 0. 1. 0. 0. 0. 3. 0. 5. 2. 2. 0. 1.
 1. 1. 0. 2. 3. 1. 3. 1. 2. 3. 5. 0. 0. 0. 0. 5. 5. 1. 0. 0. 0. 0. 0. 1.
 1. 1. 0. 0. 1. 0. 0. 2. 6. 0. 0. 1. 1. 1. 0. 3. 3. 1. 0. 3. 1. 0. 3. 1.
 0. 3. 2. 1. 4. 0. 0. 0.]"
41,41,ayutthaya_1700_bronze_smithsonian _2_eyebrow_nose_mask,ayutthaya_1700_bronze_smithsonian _2,eyebrow_nose_mask,1,"[ 0.  2.  0.  0.  1.  1.  0.  0.  0.  0.  1.  1.  2.  0.  0.  0.  0.  3.
  3.  0.  0.  1.  4.  3. 18.  2.  1.  2.  0.  0.  0.  1.  0.  0.  0.  0.
  0.  1.  0.  0.  2.  0.  2.  0.  1.  0.  1.  1.  1.  0.  0.  3.  1.  2.
  0.  1.  2.  0.  0.  1.  0.  1.  1.  0.  1.  2.  1.  1.  2.  0.  0.  0.
  0.  1.  0.  1.  0.  1.  3.  0.  1.  4.  0.  0.  0.  1.  2.  1.  1.  0.
  0.  0.  0.  1.  1.  1.  1.  0.  0.  1.  1.  0.  0.  0.  0.  0.  1.  0.
  1.  0.  3.  0.  0.  0.  2.  1.  0.  3.  0.  1.  0.  0.  0.  0.  2.  0.
  1.  1.  1.  0.  0.  0.  0.  1.  1.  0.  1.  0.  0.  1.  0.  0.  0.  0.
  0.  0.  0.  0.  0.  2.  6.  1.  0.  0.  0.  0.  0.  1.  1.  0.  2.  0.
  0.  0.  0.  2.  2.  0.  3.  1.  0.  1.  1.  0.  1.  1.  3.  1.  1.  2.
  1.  0.  0.  0.  0.  1.  0.  0.  1.  1.  0.  0.  0.  0.  0.  0.  0.  1.
  1.  0.]"
42,42,test_sukhothai_1650_bronze_phitsanulok_walters_eyebrow_nose_mask,test_sukhothai_1650_bronze_phitsanulok_walters,eyebrow_nose_mask,2,"[0. 0. 0. 0. 0. 0. 2. 0. 0. 1. 0. 0. 1. 0. 0. 0. 0. 3. 0. 0. 1. 1. 3. 0.
 1. 1. 0. 0. 1. 0. 1. 0. 0. 1. 0. 0. 0. 0. 0. 2. 1. 0. 1. 1. 1. 1. 0. 2.
 0. 0. 2. 0. 0. 2. 1. 2. 0. 0. 1. 0. 0. 5. 0. 0. 0. 0. 1. 3. 2. 0. 2. 1.
 3. 0. 1. 0. 5. 1. 0. 0. 1. 2. 2. 1. 1. 1. 1. 1. 0. 3. 1. 0. 0. 0. 1. 0.
 1. 1. 0. 0. 0. 0. 0. 3. 0. 0. 0. 0. 1. 0. 0. 2. 0. 1. 0. 1. 0. 2. 2. 1.
 0. 1. 0. 0. 2. 2. 0. 0. 1. 0. 0. 2. 0. 1. 1. 0. 0. 0. 3. 0. 0. 0. 1. 0.
 2. 1. 0. 0. 1. 0. 2. 1. 1. 0. 0. 1. 0. 0. 0. 1. 0. 0. 0. 0. 1. 0. 1. 0.
 0. 0. 0. 0. 0. 1. 0. 1. 3. 0. 1. 0. 0. 2. 0. 2. 1. 0. 0. 0. 0. 0. 1. 0.
 0. 0. 0. 1. 1. 2. 0. 1.]"
43,43,test_unknown_buddha_1400_bronze_met_eyebrow_nose_mask,test_unknown_buddha_1400_bronze_met,eyebrow_nose_mask,2,"[2. 0. 0. 0. 0. 0. 1. 0. 0. 3. 0. 0. 0. 0. 1. 0. 1. 0. 0. 0. 0. 0. 0. 0.
 2. 1. 0. 0. 0. 2. 1. 0. 0. 0. 0. 0. 0. 0. 0. 0. 2. 0. 2. 1. 1. 0. 0. 0.
 1. 0. 0. 0. 0. 0. 0. 0. 0. 0. 0. 0. 0. 0. 0. 0. 0. 0. 0. 1. 0. 0. 2. 0.
 0. 0. 0. 0. 0. 0. 0. 0. 0. 1. 0. 0. 0. 0. 1. 1. 0. 0. 1. 1. 0. 0. 0. 0.
 1. 0. 2. 0. 0. 0. 0. 0. 1. 0. 0. 1. 0. 0. 0. 0. 0. 0. 0. 1. 0. 0. 0. 1.
 0. 0. 0. 0. 0. 0. 0. 0. 0. 0. 0. 1. 0. 0. 1. 0. 0. 1. 0. 1. 0. 0. 0. 0.
 0. 0. 0. 0. 0. 1. 1. 0. 0. 1. 1. 0. 0. 0. 0. 0. 0. 0. 0. 0. 1. 0. 1. 0.
 1. 0. 0. 0. 0. 0. 0. 2. 1. 0. 1. 0. 0. 0. 0. 0. 0. 0. 0. 0. 0. 0. 0. 0.
 1. 0. 0. 0. 0. 0. 0. 0.]"
44,44,test_ayutthaya_1700_hollow_cast_bronze_crowned_walters_eyebrow_nose_mask,test_ayutthaya_1700_hollow_cast_bronze_crowned_walters,eyebrow_nose_mask,2,"[1. 0. 1. 0. 1. 2. 2. 0. 4. 5. 2. 1. 0. 1. 1. 0. 1. 0. 0. 1. 2. 2. 3. 0.
 4. 0. 0. 0. 0. 0. 1. 0. 0. 0. 1. 1. 0. 0. 1. 1. 1. 0. 0. 1. 0. 2. 0. 1.
 0. 1. 2. 1. 0. 0. 0. 1. 0. 0. 3. 0. 0. 1. 2. 4. 2. 1. 0. 1. 0. 0. 3. 0.
 2. 0. 0. 0. 6. 0. 3. 0. 0. 5. 0. 0. 1. 1. 1. 0. 0. 3. 0. 0. 1. 1. 1. 0.
 1. 1. 0. 0. 1. 1. 0. 2. 0. 0. 0. 1. 1. 1. 0. 0. 1. 4. 1. 2. 1. 1. 0. 0.
 2. 0. 0. 0. 2. 1. 0. 0. 1. 0. 0. 0. 0. 0. 1. 0. 0. 0. 0. 2. 2. 3. 0. 0.
 1. 0. 0. 1. 1. 0. 0. 0. 0. 1. 0. 0. 1. 0. 0. 1. 2. 1. 1. 0. 0. 1. 2. 0.
 1. 1. 0. 0. 1. 0. 0. 0. 3. 1. 0. 1. 1. 0. 0. 2. 0. 0. 0. 1. 0. 0. 0. 0.
 0. 0. 0. 0. 0. 0. 0. 0.]"
45,0,sukhothai_1600_1700_bronze_ACM_mouth_mask,sukhothai_1600_1700_bronze_ACM,mouth_mask,0,"[1. 1. 2. 1. 0. 2. 1. 0. 2. 1. 3. 1. 1. 0. 1. 1. 2. 1. 2. 0. 2. 2. 1. 1.
 0. 0. 1. 0. 1. 1. 0. 3. 1. 3. 0. 0. 0. 0. 1. 1. 1. 1. 1. 1. 0. 0. 1. 1.
 0. 2. 0. 1. 0. 0. 2. 0. 0. 4. 2. 0. 0. 0. 0. 0. 2. 1. 0. 2. 0. 0. 0. 1.
 1. 1. 0. 0. 0. 0. 2. 0. 1. 1. 0. 1. 0. 2. 0. 1. 1. 3. 0. 1. 0. 1. 1. 1.
 0. 1. 0. 0. 1. 0. 0. 1. 1. 0. 1. 3. 0. 0. 1. 0. 0. 1. 1. 0. 2. 1. 0. 2.
 0. 0. 0. 0. 0. 0. 1. 1. 1. 1. 0. 0. 0. 0. 1. 1. 1. 0. 0. 0. 0. 0. 1. 0.
 1. 0. 1. 4. 0. 2. 1. 0. 0. 1. 0. 0. 0. 1. 1. 1. 1. 0. 2. 0. 0. 1. 0. 1.
 0. 0. 1. 3. 0. 0. 2. 0. 2. 2. 0. 0. 0. 1. 1. 0. 1. 3. 0. 0. 0. 2. 1. 0.
 0. 0. 0. 0. 1. 0. 1. 0.]"
46,1,test_unknown_1400_1500_bronze_LACMA_mouth_mask,test_unknown_1400_1500_bronze_LACMA,mouth_mask,2,"[0. 0. 0. 0. 0. 0. 0. 0. 1. 1. 0. 1. 0. 0. 0. 0. 0. 0. 0. 0. 0. 0. 0. 1.
 0. 1. 0. 0. 1. 0. 2. 1. 0. 0. 1. 0. 1. 0. 2. 1. 1. 0. 0. 0. 0. 0. 0. 0.
 1. 4. 0. 0. 0. 1. 0. 0. 0. 1. 0. 0. 0. 0. 0. 1. 0. 0. 1. 1. 0. 0. 0. 0.
 0. 0. 0. 1. 0. 1. 0. 0. 0. 0. 0. 0. 0. 0. 0. 1. 0. 0. 0. 0. 0. 0. 0. 0.
 0. 0. 0. 0. 0. 0. 0. 1. 0. 1. 0. 2. 1. 1. 1. 0. 1. 0. 0. 0. 0. 0. 0. 1.
 0. 0. 0. 0. 0. 0. 1. 0. 0. 1. 0. 0. 0. 0. 0. 0. 0. 0. 0. 0. 1. 0. 0. 1.
 0. 0. 0. 0. 1. 0. 7. 0. 1. 0. 0. 0. 0. 0. 0. 1. 0. 0. 0. 0. 0. 0. 1. 1.
 0. 2. 0. 1. 0. 0. 0. 0. 0. 0. 0. 1. 0. 0. 0. 0. 0. 0. 0. 1. 0. 0. 0. 2.
 0. 0. 0. 0. 0. 1. 0. 0.]"
47,2,sukhothai_1650_1700_bronze_walters_mouth_mask,sukhothai_1650_1700_bronze_walters,mouth_mask,0,"[0. 4. 2. 0. 2. 1. 0. 0. 0. 1. 3. 1. 1. 1. 0. 1. 0. 1. 1. 0. 1. 1. 1. 2.
 1. 1. 1. 0. 0. 1. 4. 8. 3. 0. 0. 0. 0. 0. 0. 0. 2. 1. 0. 3. 0. 0. 4. 1.
 1. 2. 0. 1. 3. 0. 0. 0. 1. 1. 0. 4. 0. 0. 1. 0. 1. 0. 1. 2. 0. 3. 1. 1.
 3. 0. 1. 0. 3. 2. 0. 3. 0. 3. 1. 0. 0. 0. 1. 1. 0. 1. 0. 1. 0. 0. 0. 1.
 0. 2. 0. 0. 2. 0. 0. 1. 1. 0. 0. 0. 1. 1. 2. 0. 0. 0. 2. 0. 0. 0. 0. 0.
 1. 0. 2. 0. 0. 1. 1. 1. 0. 1. 0. 0. 0. 2. 1. 0. 1. 0. 0. 0. 1. 0. 0. 0.
 0. 1. 0. 0. 1. 0. 2. 1. 0. 1. 1. 3. 0. 1. 0. 0. 0. 0. 1. 0. 0. 1. 0. 1.
 1. 1. 0. 2. 0. 0. 2. 1. 0. 0. 0. 0. 0. 0. 0. 0. 0. 3. 0. 0. 0. 3. 1. 2.
 0. 0. 0. 0. 0. 1. 1. 0.]"
48,3,test_sukhothai_ayutthaya_1500_1600_copper_standing_ACM_mouth_mask,test_sukhothai_ayutthaya_1500_1600_copper_standing_ACM,mouth_mask,2,"[0. 5. 0. 1. 1. 4. 0. 0. 1. 0. 1. 0. 1. 0. 0. 1. 1. 2. 1. 0. 1. 3. 3. 1.
 3. 0. 1. 2. 1. 0. 1. 1. 2. 0. 0. 0. 0. 0. 1. 0. 4. 0. 0. 3. 0. 1. 1. 1.
 3. 3. 1. 0. 2. 2. 1. 1. 1. 1. 0. 2. 0. 3. 0. 1. 2. 0. 0. 0. 0. 0. 1. 0.
 0. 1. 1. 1. 0. 2. 0. 1. 2. 2. 1. 1. 0. 4. 1. 0. 0. 0. 0. 0. 0. 0. 2. 1.
 3. 0. 0. 2. 2. 0. 0. 0. 0. 1. 2. 2. 1. 2. 2. 0. 4. 4. 2. 1. 0. 3. 0. 1.
 0. 1. 5. 0. 0. 0. 2. 1. 0. 1. 1. 0. 0. 0. 0. 2. 0. 0. 0. 0. 2. 0. 0. 0.
 1. 0. 0. 2. 1. 2. 2. 0. 3. 2. 0. 0. 1. 0. 0. 1. 0. 2. 1. 0. 0. 1. 2. 2.
 0. 2. 1. 3. 0. 0. 0. 2. 0. 0. 0. 0. 0. 0. 2. 1. 1. 0. 1. 0. 0. 1. 0. 1.
 0. 0. 0. 1. 1. 0. 0. 0.]"
49,4,ayutthaya_1600_1650_bronze_walters_mouth_mask,ayutthaya_1600_1650_bronze_walters,mouth_mask,1,"[0. 2. 2. 0. 2. 2. 0. 2. 5. 1. 3. 2. 2. 1. 2. 2. 1. 0. 1. 0. 0. 3. 3. 4.
 2. 0. 4. 0. 0. 2. 0. 3. 2. 2. 6. 1. 1. 1. 4. 0. 0. 3. 2. 3. 2. 0. 5. 3.
 0. 2. 2. 3. 3. 0. 0. 0. 0. 0. 2. 2. 3. 2. 0. 0. 8. 0. 4. 2. 0. 1. 1. 6.
 3. 1. 2. 0. 2. 1. 0. 1. 2. 2. 2. 0. 2. 3. 1. 4. 0. 2. 0. 2. 2. 1. 3. 3.
 1. 1. 2. 3. 1. 0. 0. 3. 3. 5. 1. 0. 2. 3. 4. 0. 1. 4. 0. 3. 0. 2. 0. 3.
 4. 1. 1. 1. 1. 2. 2. 1. 0. 2. 3. 0. 0. 4. 2. 0. 0. 3. 2. 0. 1. 0. 2. 0.
 3. 3. 2. 2. 0. 2. 2. 1. 1. 1. 0. 3. 6. 1. 2. 0. 0. 1. 2. 0. 1. 1. 2. 1.
 1. 3. 0. 1. 1. 2. 2. 1. 1. 3. 1. 3. 0. 0. 2. 1. 3. 5. 1. 0. 0. 2. 0. 0.
 0. 0. 0. 0. 0. 0. 0. 1.]"
50,5,ayutthaya_1200_sandstone_victoria_albert_mouth_mask,ayutthaya_1200_sandstone_victoria_albert,mouth_mask,1,"[0. 3. 0. 0. 0. 1. 0. 0. 0. 0. 1. 0. 2. 1. 0. 1. 1. 0. 0. 0. 0. 1. 1. 0.
 0. 2. 0. 0. 1. 0. 0. 0. 0. 1. 0. 0. 0. 2. 1. 0. 2. 0. 1. 0. 2. 0. 0. 0.
 0. 0. 0. 0. 0. 0. 0. 0. 1. 1. 0. 1. 0. 0. 0. 3. 0. 0. 0. 1. 0. 0. 0. 1.
 0. 0. 0. 1. 2. 1. 0. 0. 0. 0. 0. 0. 0. 0. 0. 0. 2. 2. 0. 0. 0. 0. 0. 1.
 1. 0. 0. 0. 0. 0. 0. 0. 0. 0. 0. 0. 4. 0. 0. 0. 1. 0. 1. 0. 0. 0. 0. 0.
 0. 0. 2. 0. 0. 0. 1. 1. 0. 0. 0. 0. 0. 1. 0. 2. 1. 0. 0. 0. 0. 0. 0. 0.
 0. 0. 0. 4. 0. 0. 3. 0. 1. 0. 0. 0. 0. 0. 2. 0. 0. 0. 0. 0. 0. 0. 0. 0.
 0. 0. 0. 0. 0. 0. 0. 0. 0. 0. 0. 0. 2. 2. 0. 0. 1. 0. 0. 1. 0. 1. 0. 0.
 0. 0. 0. 0. 0. 0. 0. 0.]"
51,6,test_unknown_1600_bronze_walters_mouth_mask,test_unknown_1600_bronze_walters,mouth_mask,2,"[1. 3. 2. 0. 1. 0. 0. 1. 2. 0. 1. 4. 0. 1. 1. 3. 1. 0. 3. 0. 0. 0. 2. 2.
 4. 2. 1. 0. 2. 0. 1. 1. 0. 3. 1. 1. 0. 0. 1. 3. 4. 1. 1. 1. 2. 2. 1. 2.
 1. 1. 0. 1. 0. 1. 0. 0. 0. 0. 1. 0. 0. 1. 0. 2. 0. 0. 1. 1. 0. 0. 1. 2.
 1. 1. 0. 1. 4. 1. 0. 3. 1. 0. 0. 0. 1. 1. 1. 2. 0. 0. 1. 3. 2. 0. 2. 2.
 2. 0. 1. 0. 1. 0. 1. 1. 0. 0. 0. 1. 3. 3. 1. 0. 0. 0. 0. 1. 0. 1. 0. 1.
 2. 2. 0. 1. 2. 2. 1. 3. 1. 1. 0. 0. 0. 0. 0. 1. 1. 1. 1. 0. 0. 1. 0. 1.
 0. 0. 0. 3. 1. 1. 5. 0. 4. 0. 0. 0. 0. 0. 1. 3. 0. 0. 3. 0. 2. 2. 0. 0.
 1. 1. 2. 0. 0. 1. 1. 1. 0. 1. 0. 0. 1. 1. 0. 2. 1. 0. 0. 0. 0. 2. 0. 0.
 1. 0. 0. 1. 1. 0. 1. 0.]"
52,7,sukhothai_1550_bronze_walters_mouth_mask,sukhothai_1550_bronze_walters,mouth_mask,0,"[0. 0. 0. 0. 0. 1. 1. 2. 1. 0. 1. 0. 3. 0. 0. 1. 2. 1. 0. 0. 0. 0. 0. 0.
 0. 1. 0. 0. 0. 1. 0. 0. 0. 3. 0. 0. 0. 0. 0. 2. 0. 1. 0. 1. 1. 1. 1. 0.
 0. 0. 4. 0. 0. 0. 0. 0. 0. 1. 0. 0. 1. 4. 2. 0. 3. 0. 0. 2. 0. 0. 0. 0.
 1. 0. 0. 1. 1. 1. 1. 0. 0. 0. 1. 0. 0. 0. 0. 1. 1. 0. 2. 0. 0. 1. 0. 0.
 2. 0. 2. 0. 0. 1. 0. 0. 0. 2. 0. 1. 1. 0. 1. 0. 2. 1. 0. 0. 0. 1. 1. 1.
 0. 0. 1. 0. 1. 1. 2. 0. 3. 0. 0. 1. 0. 2. 1. 0. 1. 0. 0. 0. 0. 0. 0. 0.
 0. 0. 0. 2. 0. 1. 0. 0. 1. 0. 0. 0. 1. 0. 1. 0. 0. 0. 1. 0. 1. 0. 0. 4.
 0. 2. 1. 0. 3. 1. 1. 0. 0. 1. 0. 0. 0. 1. 0. 0. 1. 0. 1. 0. 0. 0. 0. 0.
 0. 0. 0. 0. 1. 0. 0. 0.]"
53,8,test_unknown_1500_bronze_cantor_2_mouth_mask,test_unknown_1500_bronze_cantor_2,mouth_mask,2,"[0. 1. 0. 0. 1. 3. 0. 1. 0. 0. 0. 0. 2. 1. 2. 2. 0. 1. 0. 0. 0. 0. 1. 2.
 1. 1. 1. 1. 0. 0. 0. 1. 0. 0. 1. 0. 2. 0. 1. 0. 0. 0. 1. 0. 0. 0. 0. 0.
 2. 0. 2. 0. 2. 2. 0. 0. 0. 0. 1. 0. 0. 3. 0. 3. 1. 1. 0. 0. 0. 0. 2. 0.
 0. 1. 1. 0. 2. 3. 1. 4. 1. 0. 0. 4. 1. 0. 0. 0. 0. 1. 0. 0. 0. 0. 0. 0.
 0. 0. 0. 1. 2. 0. 2. 0. 0. 0. 0. 0. 2. 0. 0. 0. 1. 0. 0. 0. 0. 1. 0. 0.
 1. 0. 3. 0. 0. 1. 0. 0. 2. 0. 2. 0. 1. 4. 0. 1. 0. 0. 1. 0. 1. 0. 0. 0.
 1. 1. 0. 2. 1. 0. 5. 1. 1. 0. 0. 1. 0. 1. 0. 0. 0. 0. 1. 1. 0. 0. 0. 1.
 0. 0. 1. 1. 0. 1. 0. 2. 0. 0. 0. 1. 2. 2. 1. 0. 1. 0. 1. 0. 0. 0. 0. 0.
 1. 0. 0. 1. 1. 0. 1. 0.]"
54,9,test_unknown_1400_1500_bronze_central_thai_LACMA_mouth_mask,test_unknown_1400_1500_bronze_central_thai_LACMA,mouth_mask,2,"[ 0.  3.  3.  1.  0.  0.  0.  0.  0.  2.  1.  1.  0.  5.  2.  2.  0.  2.
  1.  0.  0.  0.  0.  4.  4.  3.  2.  0.  0.  1.  5.  1.  0.  1.  2.  0.
  3.  1.  0.  0.  1.  0.  4.  0.  0.  0.  3.  0.  1.  0.  0.  0.  3.  2.
  1.  0.  1.  1.  1.  0.  1.  0.  1. 11.  0.  0.  4.  0.  1.  0.  0.  2.
  4.  1.  0.  1.  1.  1.  1.  4.  0.  0.  0.  1.  0.  0.  0.  2.  0.  1.
  0.  1.  2.  1.  3.  0.  0.  1.  1.  1.  3.  0.  1.  0.  0.  0.  0.  3.
  1.  3.  2.  1.  4.  0.  0.  1.  0.  1.  0.  3.  0.  0.  3.  2.  0.  1.
  0.  0.  1.  0.  0.  0.  1.  1.  0.  0.  2.  0.  0.  0.  0.  0.  0.  0.
  0.  2.  0.  0.  1.  1.  6.  1.  2.  0.  0.  0.  0.  0.  0.  1.  1.  0.
  0.  2.  0.  1.  1.  0.  0.  1.  3.  0.  1.  0.  1.  0.  0.  0.  0.  1.
  3.  0.  1.  1.  1.  0.  0.  1.  0.  2.  0.  0.  1.  1.  0.  0.  1.  1.
  6.  0.]"
55,10,test_unknown_1300_bronze_cantor_mouth_mask,test_unknown_1300_bronze_cantor,mouth_mask,2,"[0. 3. 3. 1. 3. 0. 0. 0. 2. 0. 1. 0. 0. 0. 4. 1. 0. 0. 0. 0. 0. 0. 0. 1.
 1. 1. 2. 0. 0. 2. 1. 0. 1. 3. 0. 2. 1. 1. 1. 1. 3. 0. 1. 2. 2. 0. 0. 0.
 2. 0. 1. 0. 1. 1. 0. 0. 0. 2. 0. 1. 0. 0. 0. 0. 0. 0. 1. 1. 0. 0. 1. 0.
 1. 0. 0. 0. 3. 1. 1. 2. 0. 0. 3. 0. 0. 1. 0. 0. 0. 2. 0. 2. 0. 0. 4. 2.
 1. 0. 0. 1. 1. 0. 0. 0. 0. 0. 1. 1. 1. 0. 7. 0. 2. 0. 1. 0. 0. 0. 0. 1.
 1. 1. 1. 0. 1. 3. 4. 0. 0. 1. 0. 0. 0. 0. 3. 0. 0. 0. 0. 0. 2. 0. 0. 0.
 0. 1. 0. 0. 2. 1. 2. 0. 0. 0. 0. 0. 0. 2. 0. 0. 0. 0. 0. 0. 1. 0. 3. 0.
 0. 0. 2. 1. 1. 2. 1. 1. 0. 1. 0. 0. 0. 2. 1. 2. 1. 0. 0. 0. 0. 3. 0. 1.
 1. 0. 0. 1. 3. 0. 0. 0.]"
56,11,test_ayutthaya_u_thong_1300_1400_bronze_walters_mouth_mask,test_ayutthaya_u_thong_1300_1400_bronze_walters,mouth_mask,2,"[0. 1. 0. 1. 1. 0. 1. 1. 0. 0. 0. 0. 0. 0. 4. 1. 0. 2. 0. 0. 0. 0. 1. 1.
 0. 0. 0. 0. 0. 0. 2. 1. 1. 0. 0. 0. 0. 0. 2. 2. 0. 0. 0. 0. 1. 0. 2. 0.
 0. 0. 0. 0. 0. 0. 0. 0. 1. 1. 0. 0. 0. 1. 1. 1. 0. 0. 1. 2. 0. 1. 1. 2.
 0. 0. 0. 0. 1. 2. 0. 0. 1. 0. 0. 0. 0. 0. 0. 0. 0. 2. 0. 0. 0. 0. 0. 0.
 2. 0. 0. 1. 1. 0. 0. 0. 0. 2. 0. 0. 0. 1. 0. 0. 0. 0. 0. 0. 0. 1. 0. 0.
 1. 0. 0. 0. 0. 0. 2. 1. 1. 1. 0. 0. 0. 0. 1. 0. 0. 1. 0. 0. 0. 0. 1. 0.
 0. 0. 0. 0. 0. 1. 0. 0. 0. 2. 0. 0. 0. 0. 0. 0. 0. 0. 0. 0. 0. 0. 0. 0.
 0. 0. 0. 0. 1. 0. 0. 0. 0. 0. 1. 0. 0. 0. 0. 0. 0. 0. 0. 0. 0. 2. 0. 2.
 0. 0. 0. 1. 0. 0. 0. 0.]"
57,12,ayutthaya_1700_bronze_smithsonian_mouth_mask,ayutthaya_1700_bronze_smithsonian,mouth_mask,1,"[0. 0. 3. 0. 2. 0. 0. 1. 1. 1. 1. 0. 3. 1. 0. 0. 0. 0. 0. 0. 0. 1. 1. 0.
 0. 1. 0. 0. 1. 2. 0. 1. 0. 0. 1. 1. 0. 0. 1. 0. 6. 0. 0. 0. 0. 0. 0. 0.
 0. 1. 1. 0. 0. 0. 0. 0. 2. 0. 0. 0. 0. 0. 0. 0. 0. 0. 0. 0. 0. 1. 0. 1.
 0. 0. 1. 1. 0. 1. 0. 0. 0. 1. 0. 0. 0. 0. 0. 1. 0. 2. 2. 2. 0. 0. 1. 1.
 0. 0. 0. 0. 0. 0. 0. 0. 0. 0. 0. 0. 0. 1. 0. 0. 0. 0. 0. 1. 0. 0. 0. 0.
 0. 0. 2. 0. 0. 0. 1. 0. 0. 0. 0. 0. 0. 0. 1. 0. 0. 0. 0. 0. 0. 0. 0. 0.
 0. 0. 0. 1. 0. 0. 3. 0. 0. 0. 0. 0. 0. 0. 0. 0. 0. 0. 0. 0. 0. 0. 0. 1.
 0. 1. 1. 0. 0. 1. 0. 0. 0. 0. 0. 1. 0. 0. 0. 0. 0. 0. 0. 1. 0. 1. 0. 0.
 0. 0. 0. 0. 0. 0. 0. 0.]"
58,13,sukhothai_1600_1700_bronze_ACM_personal_mouth_mask,sukhothai_1600_1700_bronze_ACM_personal,mouth_mask,0,"[0. 1. 0. 1. 1. 1. 1. 0. 1. 0. 1. 0. 0. 0. 1. 2. 0. 1. 1. 2. 0. 0. 0. 1.
 2. 1. 1. 0. 1. 1. 6. 2. 1. 0. 0. 2. 0. 0. 0. 1. 3. 0. 0. 1. 0. 0. 0. 2.
 0. 3. 1. 0. 0. 0. 0. 0. 1. 0. 0. 0. 0. 0. 2. 0. 1. 0. 0. 0. 0. 0. 1. 0.
 0. 0. 0. 0. 1. 1. 1. 0. 0. 1. 1. 0. 0. 1. 0. 2. 1. 0. 1. 1. 0. 1. 0. 2.
 0. 0. 0. 0. 0. 0. 0. 0. 2. 0. 0. 1. 0. 2. 1. 0. 0. 3. 0. 0. 0. 0. 0. 1.
 1. 0. 0. 0. 0. 0. 0. 3. 0. 1. 0. 0. 0. 2. 0. 2. 0. 0. 1. 0. 0. 0. 0. 0.
 1. 0. 0. 3. 0. 0. 3. 0. 0. 0. 0. 4. 1. 0. 0. 0. 0. 0. 0. 0. 0. 0. 0. 0.
 0. 0. 0. 0. 1. 0. 0. 0. 0. 0. 2. 0. 0. 0. 0. 0. 1. 3. 0. 1. 0. 0. 0. 0.
 0. 0. 1. 3. 2. 2. 0. 0.]"
59,14,test_unknown_1500_1600_stone_met_mouth_mask,test_unknown_1500_1600_stone_met,mouth_mask,2,"[0. 0. 0. 1. 0. 0. 0. 0. 0. 0. 0. 0. 3. 1. 0. 1. 0. 0. 0. 0. 0. 0. 0. 0.
 0. 1. 0. 0. 2. 1. 0. 0. 1. 0. 0. 0. 0. 1. 1. 0. 2. 0. 0. 0. 0. 0. 0. 0.
 1. 0. 0. 0. 1. 0. 0. 0. 0. 1. 0. 0. 0. 0. 0. 2. 1. 0. 0. 0. 0. 0. 0. 0.
 1. 0. 0. 0. 2. 1. 0. 5. 0. 0. 2. 0. 0. 0. 0. 0. 1. 2. 0. 0. 0. 0. 0. 0.
 0. 0. 0. 0. 1. 0. 0. 1. 0. 0. 0. 1. 0. 0. 0. 0. 0. 0. 0. 1. 0. 0. 0. 1.
 0. 0. 1. 0. 0. 0. 0. 0. 0. 0. 0. 0. 0. 0. 0. 0. 0. 0. 0. 0. 0. 0. 0. 0.
 0. 0. 0. 0. 0. 0. 7. 1. 0. 0. 0. 0. 0. 0. 0. 0. 0. 0. 0. 0. 0. 0. 0. 0.
 0. 0. 0. 1. 0. 0. 0. 0. 0. 0. 0. 0. 4. 0. 1. 0. 0. 1. 0. 0. 0. 3. 0. 0.
 0. 0. 0. 0. 0. 1. 3. 0.]"
60,15,ayutthaya_1700_tin_brass_walters_mouth_mask,ayutthaya_1700_tin_brass_walters,mouth_mask,1,"[0. 2. 0. 1. 3. 1. 1. 0. 0. 0. 1. 0. 2. 3. 0. 1. 1. 1. 2. 0. 0. 1. 3. 1.
 1. 2. 0. 0. 2. 0. 1. 9. 1. 1. 2. 0. 2. 0. 0. 0. 5. 0. 0. 0. 1. 0. 0. 1.
 2. 0. 2. 0. 0. 1. 0. 0. 0. 0. 0. 0. 0. 1. 0. 3. 2. 0. 2. 1. 0. 1. 1. 0.
 0. 1. 1. 0. 1. 2. 2. 2. 0. 1. 0. 1. 0. 0. 1. 1. 4. 5. 3. 1. 1. 2. 1. 1.
 2. 0. 0. 0. 0. 0. 0. 0. 1. 0. 0. 3. 0. 2. 2. 0. 0. 2. 0. 1. 0. 1. 0. 1.
 0. 0. 0. 0. 1. 0. 0. 1. 0. 3. 0. 0. 1. 0. 0. 1. 0. 0. 0. 0. 0. 0. 0. 1.
 0. 0. 0. 5. 0. 0. 9. 0. 0. 0. 0. 0. 2. 0. 0. 0. 0. 0. 0. 0. 0. 0. 0. 0.
 0. 1. 2. 1. 1. 1. 1. 0. 0. 0. 0. 1. 2. 2. 2. 1. 0. 0. 0. 0. 0. 1. 2. 0.
 0. 0. 0. 1. 0. 0. 0. 0.]"
61,16,sukhothai_1584_metal_ACM_personal_mouth_mask,sukhothai_1584_metal_ACM_personal,mouth_mask,0,"[0. 1. 0. 0. 2. 0. 0. 0. 0. 0. 0. 0. 1. 1. 2. 2. 0. 0. 0. 0. 0. 0. 0. 0.
 0. 0. 0. 1. 0. 0. 0. 1. 0. 0. 0. 0. 0. 1. 0. 2. 0. 1. 0. 0. 0. 0. 0. 0.
 0. 0. 1. 0. 0. 1. 1. 0. 0. 0. 0. 0. 0. 0. 0. 0. 0. 0. 0. 0. 0. 0. 0. 0.
 0. 0. 0. 1. 0. 2. 0. 0. 1. 0. 0. 1. 0. 1. 0. 0. 1. 4. 1. 1. 0. 0. 0. 1.
 0. 0. 0. 0. 2. 0. 1. 0. 0. 0. 0. 0. 2. 0. 0. 0. 0. 0. 0. 1. 0. 1. 1. 1.
 1. 0. 1. 0. 0. 1. 1. 3. 0. 0. 0. 0. 0. 1. 2. 1. 0. 0. 0. 0. 1. 0. 0. 0.
 0. 0. 1. 0. 1. 0. 4. 0. 0. 0. 0. 0. 0. 0. 0. 0. 0. 0. 0. 0. 0. 0. 0. 0.
 0. 0. 0. 0. 1. 0. 0. 0. 0. 0. 0. 0. 1. 2. 0. 0. 0. 0. 0. 1. 0. 0. 1. 0.
 0. 0. 0. 1. 0. 0. 0. 0.]"
62,17,sukhothai_ayutthaya_1400_1500_victoria_albert_mouth_mask,sukhothai_ayutthaya_1400_1500_victoria_albert,mouth_mask,0,"[ 0.  1.  1.  0.  1.  4.  2.  0.  4.  0.  0.  2.  1.  5.  0.  1.  2.  2.
  2.  0.  0.  7.  3.  0.  1.  5.  1.  2.  0.  1.  2.  3.  1.  1.  2.  0.
  2.  0.  0.  0.  7.  3.  1.  1.  1.  2.  0.  1.  0.  1.  1.  1.  3.  2.
  0.  0.  2.  1.  0.  3.  3.  0.  0.  3.  1.  1.  0.  2.  0.  1.  3.  1.
  2.  4.  0.  0.  2.  1.  0.  1.  0.  0.  0.  2.  2.  1.  1.  2.  3.  1.
  2.  0.  4.  0.  1.  6.  0.  2.  0.  2.  1.  0.  2.  0.  0.  0.  3.  0.
  0.  0.  1.  2.  1.  3.  1.  1.  1.  1.  0.  0.  1.  5.  1.  0.  2.  1.
  0.  0.  1.  0.  0.  1.  0.  0.  0.  2.  0.  0.  1.  2.  1.  1.  1.  2.
  1.  2.  1.  5.  0.  0. 11.  1.  1.  2.  1.  1.  1.  2.  3.  0.  5.  2.
  3.  1.  1.  0.  0.  0.  1.  0.  0.  3.  3.  2.  3.  4.  0.  1.  2.  1.
  0.  0.  1.  2.  6.  0.  0.  0.  0.  1.  1.  0.  0.  0.  0.  0.  2.  0.
  0.  2.]"
63,18,sukhothai_ayutthaya_1400_1500_walters_mouth_mask,sukhothai_ayutthaya_1400_1500_walters,mouth_mask,0,"[0. 1. 1. 2. 3. 0. 0. 1. 0. 0. 2. 1. 0. 0. 2. 0. 2. 1. 0. 0. 0. 1. 1. 0.
 2. 0. 0. 0. 2. 1. 0. 1. 1. 0. 1. 1. 4. 1. 1. 0. 1. 0. 0. 1. 1. 0. 2. 0.
 1. 0. 1. 1. 1. 1. 0. 0. 0. 0. 0. 1. 1. 2. 1. 1. 1. 0. 1. 2. 0. 0. 1. 7.
 1. 0. 3. 1. 2. 2. 0. 1. 0. 0. 0. 0. 1. 1. 1. 4. 0. 0. 1. 2. 1. 1. 0. 2.
 1. 0. 0. 1. 1. 0. 0. 1. 0. 3. 0. 0. 1. 0. 2. 0. 1. 2. 1. 1. 0. 0. 0. 1.
 0. 0. 2. 0. 1. 0. 1. 0. 0. 0. 0. 0. 3. 0. 1. 0. 0. 2. 0. 0. 0. 0. 0. 1.
 0. 2. 0. 0. 0. 1. 2. 0. 0. 0. 0. 0. 3. 0. 0. 1. 0. 2. 2. 0. 1. 1. 2. 1.
 3. 0. 0. 1. 0. 1. 1. 0. 1. 2. 0. 2. 0. 0. 0. 0. 1. 0. 1. 1. 0. 1. 0. 0.
 0. 0. 0. 0. 1. 0. 0. 0.]"
64,19,test_ayutthaya_1500_copper_LACMA_cropped_mouth_mask,test_ayutthaya_1500_copper_LACMA_cropped,mouth_mask,2,"[0. 0. 1. 0. 2. 0. 1. 0. 1. 0. 2. 0. 0. 0. 1. 1. 0. 2. 1. 0. 0. 0. 0. 0.
 1. 0. 1. 0. 0. 0. 0. 0. 4. 2. 1. 0. 0. 1. 1. 0. 0. 0. 0. 0. 0. 0. 0. 1.
 1. 1. 0. 1. 0. 0. 0. 0. 0. 0. 0. 3. 0. 1. 2. 0. 1. 0. 1. 1. 0. 0. 0. 1.
 0. 0. 0. 1. 2. 1. 0. 1. 0. 3. 0. 1. 0. 0. 0. 1. 0. 1. 0. 3. 0. 0. 0. 0.
 1. 0. 1. 2. 1. 0. 0. 0. 2. 0. 0. 0. 0. 0. 2. 0. 0. 0. 1. 1. 0. 1. 0. 1.
 1. 0. 0. 0. 0. 2. 0. 1. 0. 1. 0. 0. 0. 1. 0. 0. 0. 0. 0. 0. 0. 0. 0. 1.
 0. 0. 0. 0. 1. 1. 1. 0. 0. 0. 0. 1. 1. 0. 0. 1. 1. 0. 0. 0. 1. 0. 0. 0.
 1. 0. 1. 1. 1. 0. 0. 0. 0. 2. 0. 1. 1. 0. 0. 0. 1. 1. 0. 1. 0. 1. 0. 1.
 1. 0. 0. 1. 0. 0. 2. 0.]"
65,20,ayutthaya_1300_1400_sandstone_mouth_mask,ayutthaya_1300_1400_sandstone,mouth_mask,1,"[1. 0. 0. 0. 0. 0. 0. 0. 0. 1. 0. 0. 0. 0. 0. 2. 0. 1. 1. 0. 0. 0. 0. 0.
 0. 0. 0. 0. 1. 0. 0. 2. 0. 1. 0. 1. 0. 0. 0. 1. 0. 0. 1. 0. 1. 0. 0. 0.
 0. 0. 0. 0. 0. 0. 0. 0. 0. 0. 0. 0. 0. 1. 1. 0. 1. 0. 1. 0. 0. 0. 0. 0.
 1. 0. 0. 2. 1. 1. 0. 0. 0. 0. 1. 0. 1. 0. 0. 1. 0. 2. 0. 3. 0. 0. 0. 0.
 0. 0. 0. 0. 0. 0. 0. 0. 0. 1. 0. 0. 1. 0. 0. 0. 0. 0. 1. 0. 0. 0. 0. 1.
 0. 0. 1. 0. 0. 0. 1. 0. 0. 0. 0. 0. 0. 3. 0. 0. 0. 0. 0. 0. 0. 0. 0. 0.
 0. 0. 1. 0. 0. 0. 0. 0. 0. 0. 0. 0. 0. 1. 0. 1. 0. 0. 0. 0. 0. 0. 0. 0.
 0. 0. 0. 3. 0. 0. 0. 0. 0. 0. 0. 0. 0. 0. 0. 0. 0. 0. 0. 1. 0. 0. 1. 0.
 0. 0. 0. 0. 0. 0. 0. 0.]"
66,21,sukhothai_1600_bronze_walters_2_mouth_mask,sukhothai_1600_bronze_walters_2,mouth_mask,0,"[0. 2. 0. 1. 0. 1. 0. 0. 2. 5. 2. 0. 1. 0. 3. 2. 2. 1. 0. 0. 0. 3. 3. 1.
 2. 7. 2. 4. 1. 2. 2. 0. 1. 3. 2. 0. 1. 1. 2. 2. 4. 1. 0. 0. 3. 2. 0. 1.
 1. 1. 3. 0. 0. 0. 0. 0. 6. 0. 0. 1. 0. 1. 1. 1. 2. 0. 1. 2. 1. 0. 0. 2.
 0. 0. 0. 0. 1. 1. 1. 2. 1. 2. 2. 2. 2. 0. 1. 1. 2. 7. 0. 3. 1. 3. 1. 0.
 2. 0. 1. 2. 1. 0. 2. 1. 1. 1. 3. 4. 3. 5. 2. 0. 2. 0. 1. 1. 1. 1. 1. 1.
 1. 0. 3. 1. 0. 1. 4. 1. 1. 2. 1. 0. 0. 3. 0. 3. 0. 2. 1. 0. 2. 0. 0. 0.
 0. 0. 0. 2. 3. 0. 6. 2. 2. 0. 0. 0. 0. 0. 2. 0. 0. 1. 0. 0. 0. 1. 1. 0.
 1. 1. 5. 1. 0. 0. 1. 1. 0. 1. 0. 1. 0. 1. 0. 0. 1. 1. 2. 1. 2. 1. 0. 0.
 2. 0. 0. 1. 0. 0. 0. 0.]"
67,22,test_sukhothai_walking_1400_bronze_walters_mouth_mask,test_sukhothai_walking_1400_bronze_walters,mouth_mask,2,"[0. 1. 0. 0. 1. 1. 0. 1. 1. 0. 0. 0. 1. 1. 2. 2. 0. 0. 1. 0. 0. 1. 0. 1.
 2. 2. 0. 0. 2. 0. 0. 0. 1. 1. 0. 0. 2. 0. 2. 1. 1. 0. 0. 2. 0. 0. 0. 0.
 0. 1. 1. 0. 0. 0. 0. 0. 1. 0. 0. 1. 0. 3. 0. 0. 2. 0. 0. 0. 0. 0. 1. 0.
 0. 0. 0. 2. 0. 2. 1. 0. 0. 0. 0. 2. 1. 0. 0. 2. 0. 0. 0. 0. 1. 0. 1. 0.
 1. 1. 0. 1. 1. 0. 0. 2. 0. 1. 0. 1. 0. 1. 1. 0. 0. 1. 2. 0. 0. 1. 0. 2.
 0. 0. 0. 0. 0. 0. 1. 0. 0. 2. 0. 0. 0. 2. 1. 1. 1. 0. 0. 0. 1. 0. 0. 1.
 1. 1. 0. 3. 0. 0. 1. 0. 0. 0. 0. 0. 0. 0. 0. 0. 1. 0. 2. 0. 0. 0. 1. 2.
 2. 0. 0. 0. 2. 0. 0. 0. 0. 0. 0. 1. 0. 0. 0. 0. 3. 1. 1. 0. 1. 0. 0. 0.
 0. 0. 0. 0. 0. 0. 0. 0.]"
68,23,test_unknown_1700_bronze_cantor_mouth_mask,test_unknown_1700_bronze_cantor,mouth_mask,2,"[0. 0. 0. 0. 1. 0. 0. 0. 1. 0. 0. 0. 4. 0. 0. 3. 0. 1. 0. 0. 0. 2. 0. 2.
 1. 1. 0. 0. 0. 1. 0. 1. 0. 1. 0. 0. 0. 2. 1. 0. 1. 0. 0. 0. 0. 0. 2. 0.
 2. 0. 0. 0. 0. 0. 0. 0. 0. 0. 0. 0. 0. 0. 3. 4. 1. 0. 0. 0. 0. 0. 0. 0.
 0. 2. 0. 0. 1. 1. 2. 1. 0. 0. 1. 0. 1. 0. 0. 0. 0. 1. 0. 0. 1. 0. 0. 0.
 0. 0. 0. 0. 1. 0. 1. 0. 0. 0. 0. 1. 1. 0. 0. 0. 0. 0. 0. 0. 0. 1. 0. 1.
 2. 0. 1. 0. 0. 0. 0. 0. 0. 0. 0. 0. 1. 0. 1. 0. 0. 1. 0. 0. 0. 0. 0. 0.
 0. 0. 1. 2. 0. 0. 1. 0. 0. 0. 0. 0. 0. 0. 0. 0. 0. 0. 0. 0. 0. 0. 0. 2.
 0. 0. 3. 1. 0. 1. 0. 0. 1. 2. 1. 1. 1. 2. 1. 0. 1. 0. 1. 0. 0. 1. 0. 0.
 0. 0. 0. 0. 0. 0. 3. 0.]"
69,24,ayutthaya_buddha_1347_bronze_NGAustralia_mouth_mask,ayutthaya_buddha_1347_bronze_NGAustralia,mouth_mask,1,"[0. 2. 0. 0. 1. 0. 1. 0. 0. 0. 5. 0. 0. 1. 0. 1. 0. 1. 1. 0. 0. 0. 0. 0.
 0. 2. 1. 0. 0. 1. 0. 1. 0. 4. 0. 1. 0. 3. 0. 2. 2. 1. 0. 0. 0. 0. 0. 0.
 0. 0. 1. 0. 1. 0. 0. 0. 0. 0. 0. 0. 0. 0. 0. 2. 0. 0. 0. 0. 0. 1. 0. 0.
 0. 0. 0. 2. 0. 1. 0. 0. 0. 0. 0. 0. 0. 0. 0. 0. 0. 2. 0. 0. 0. 1. 1. 0.
 0. 0. 0. 0. 0. 0. 0. 0. 0. 0. 0. 0. 0. 0. 1. 0. 0. 1. 0. 0. 0. 0. 0. 0.
 1. 0. 1. 0. 0. 0. 2. 1. 0. 0. 0. 0. 0. 2. 0. 0. 0. 0. 0. 0. 0. 0. 0. 0.
 0. 1. 0. 0. 0. 0. 4. 0. 1. 0. 0. 0. 1. 0. 0. 0. 0. 0. 0. 0. 1. 0. 0. 1.
 0. 0. 1. 0. 0. 0. 0. 0. 0. 0. 0. 0. 3. 1. 0. 0. 2. 0. 0. 1. 0. 0. 1. 0.
 0. 0. 0. 0. 0. 1. 0. 0.]"
70,25,sukhothai_1300_1400_bronze_british_museum_mouth_mask,sukhothai_1300_1400_bronze_british_museum,mouth_mask,0,"[0. 1. 0. 0. 0. 0. 0. 0. 0. 0. 0. 0. 1. 3. 1. 1. 0. 0. 0. 0. 0. 0. 0. 1.
 1. 1. 0. 1. 0. 0. 0. 1. 0. 1. 0. 1. 0. 1. 3. 0. 0. 0. 0. 0. 1. 1. 0. 0.
 0. 0. 2. 0. 1. 0. 0. 0. 0. 1. 0. 0. 1. 1. 1. 7. 0. 0. 2. 0. 2. 0. 0. 0.
 1. 0. 0. 2. 2. 0. 0. 1. 0. 0. 0. 0. 0. 0. 0. 0. 2. 0. 0. 1. 0. 0. 0. 0.
 0. 0. 1. 0. 2. 0. 0. 3. 1. 0. 0. 2. 2. 1. 0. 0. 0. 0. 0. 1. 0. 1. 0. 0.
 0. 0. 2. 0. 1. 1. 4. 1. 1. 0. 0. 0. 0. 1. 0. 0. 0. 0. 0. 0. 0. 0. 0. 0.
 0. 0. 0. 0. 0. 0. 4. 1. 2. 0. 0. 0. 0. 0. 0. 1. 0. 0. 0. 0. 0. 0. 0. 2.
 0. 0. 0. 0. 2. 0. 0. 0. 0. 0. 1. 0. 6. 2. 1. 0. 2. 0. 0. 1. 0. 0. 0. 1.
 0. 1. 0. 0. 0. 1. 1. 0.]"
71,26,ayutthaya_1300_1400_bronze_walters_mouth_mask,ayutthaya_1300_1400_bronze_walters,mouth_mask,1,"[0. 5. 0. 0. 1. 1. 0. 1. 0. 1. 0. 0. 0. 0. 5. 1. 1. 0. 0. 0. 0. 0. 0. 0.
 0. 2. 2. 0. 1. 0. 0. 0. 0. 1. 0. 1. 0. 2. 1. 0. 1. 0. 0. 0. 1. 0. 1. 0.
 0. 1. 0. 0. 0. 1. 0. 0. 0. 0. 0. 1. 0. 1. 0. 0. 0. 0. 0. 0. 0. 1. 0. 2.
 0. 0. 0. 1. 3. 1. 0. 0. 1. 0. 0. 0. 1. 0. 0. 0. 0. 1. 0. 0. 0. 0. 1. 0.
 0. 0. 1. 0. 0. 0. 1. 1. 0. 0. 0. 2. 0. 0. 0. 0. 0. 1. 0. 0. 0. 0. 0. 1.
 1. 0. 0. 0. 0. 0. 1. 1. 0. 0. 0. 0. 0. 0. 0. 1. 0. 3. 0. 0. 0. 0. 0. 0.
 0. 1. 0. 1. 1. 0. 2. 0. 0. 0. 0. 1. 2. 0. 0. 1. 1. 1. 0. 0. 0. 1. 1. 1.
 0. 1. 0. 1. 1. 0. 0. 0. 0. 1. 0. 0. 1. 0. 0. 0. 0. 0. 0. 1. 0. 2. 0. 0.
 0. 0. 0. 0. 0. 1. 0. 0.]"
72,27,sukhothai_1584_metal_ACM_mouth_mask,sukhothai_1584_metal_ACM,mouth_mask,0,"[1. 1. 2. 0. 1. 3. 0. 0. 1. 0. 1. 1. 0. 0. 1. 1. 0. 1. 1. 0. 1. 0. 2. 3.
 3. 1. 1. 2. 1. 3. 0. 5. 0. 3. 1. 0. 0. 1. 1. 1. 2. 2. 0. 0. 0. 0. 0. 1.
 3. 0. 1. 0. 3. 1. 0. 1. 0. 2. 0. 3. 2. 0. 0. 4. 2. 0. 3. 3. 0. 0. 2. 0.
 0. 0. 1. 2. 0. 1. 0. 1. 3. 0. 2. 0. 2. 2. 1. 1. 1. 2. 1. 3. 2. 2. 2. 1.
 0. 0. 1. 0. 1. 0. 2. 1. 0. 1. 2. 0. 3. 4. 1. 1. 1. 1. 0. 3. 0. 0. 0. 2.
 0. 1. 0. 1. 0. 1. 1. 0. 0. 2. 0. 0. 0. 1. 0. 0. 1. 1. 1. 0. 2. 1. 1. 2.
 1. 4. 2. 3. 1. 1. 1. 1. 1. 1. 1. 0. 0. 3. 0. 1. 0. 0. 1. 3. 1. 1. 2. 1.
 2. 5. 1. 1. 0. 1. 0. 0. 0. 1. 1. 2. 0. 0. 1. 1. 1. 1. 1. 0. 0. 1. 0. 1.
 4. 1. 0. 0. 1. 0. 3. 0.]"
73,28,ayuthuya_early_1400_bronze_walters_mouth_mask,ayuthuya_early_1400_bronze_walters,mouth_mask,1,"[0. 0. 0. 0. 1. 3. 0. 0. 0. 0. 0. 0. 1. 2. 3. 2. 0. 0. 1. 0. 0. 0. 0. 0.
 0. 0. 2. 0. 0. 0. 2. 4. 0. 2. 1. 0. 0. 1. 1. 2. 4. 1. 0. 0. 1. 0. 0. 0.
 0. 0. 2. 0. 1. 0. 0. 0. 2. 1. 0. 0. 1. 0. 1. 1. 3. 0. 0. 2. 1. 1. 1. 1.
 0. 0. 2. 1. 1. 0. 1. 0. 0. 0. 0. 2. 0. 0. 1. 1. 0. 0. 0. 1. 0. 0. 0. 1.
 0. 1. 0. 0. 2. 0. 0. 1. 1. 0. 0. 1. 4. 1. 0. 0. 0. 0. 0. 1. 1. 1. 1. 0.
 2. 0. 2. 1. 0. 1. 2. 0. 0. 1. 1. 0. 0. 1. 1. 0. 0. 0. 0. 1. 0. 0. 0. 1.
 0. 0. 0. 0. 0. 0. 3. 1. 0. 2. 0. 0. 0. 0. 0. 0. 0. 0. 2. 0. 2. 1. 1. 2.
 0. 1. 1. 1. 3. 0. 0. 0. 0. 0. 0. 0. 0. 1. 1. 0. 1. 0. 2. 0. 0. 1. 1. 3.
 0. 1. 0. 0. 0. 0. 1. 0.]"
74,29,test_sukhothai_buddha_1300_copper_LACMA_mouth_mask,test_sukhothai_buddha_1300_copper_LACMA,mouth_mask,2,"[0. 1. 0. 0. 0. 1. 0. 1. 0. 0. 1. 0. 1. 0. 0. 2. 0. 2. 2. 0. 1. 0. 0. 1.
 1. 0. 1. 0. 0. 0. 0. 5. 1. 1. 0. 1. 0. 1. 1. 1. 0. 1. 0. 0. 0. 1. 0. 0.
 0. 0. 0. 0. 1. 0. 0. 0. 0. 0. 0. 0. 0. 0. 1. 2. 0. 0. 1. 0. 0. 0. 0. 1.
 1. 0. 1. 1. 1. 2. 0. 0. 0. 1. 1. 0. 0. 0. 1. 2. 0. 1. 0. 2. 0. 0. 1. 0.
 0. 1. 1. 0. 0. 0. 0. 0. 1. 0. 1. 1. 1. 1. 0. 0. 0. 3. 0. 2. 0. 0. 1. 0.
 0. 1. 2. 0. 0. 1. 2. 1. 1. 0. 0. 0. 0. 1. 1. 0. 0. 1. 0. 0. 1. 0. 0. 0.
 1. 1. 1. 0. 0. 0. 1. 0. 0. 0. 0. 0. 0. 0. 0. 0. 1. 0. 0. 0. 0. 0. 0. 1.
 0. 0. 1. 0. 0. 0. 0. 0. 0. 0. 0. 1. 0. 0. 1. 0. 0. 0. 1. 0. 0. 1. 0. 0.
 0. 0. 0. 1. 1. 0. 1. 0.]"
75,30,test_unknown_1500_bronze_cantor_3_mouth_mask,test_unknown_1500_bronze_cantor_3,mouth_mask,2,"[0. 1. 2. 0. 3. 2. 3. 1. 1. 1. 4. 0. 1. 2. 4. 2. 0. 0. 2. 0. 0. 1. 3. 1.
 2. 0. 2. 0. 0. 1. 0. 1. 0. 3. 2. 0. 1. 2. 1. 0. 1. 0. 1. 0. 0. 1. 0. 2.
 0. 3. 2. 0. 2. 1. 0. 0. 0. 0. 0. 3. 2. 2. 1. 3. 3. 0. 2. 2. 1. 0. 0. 0.
 0. 1. 2. 1. 0. 1. 0. 0. 0. 1. 1. 4. 2. 1. 0. 1. 1. 0. 0. 1. 1. 1. 2. 0.
 1. 0. 1. 0. 1. 0. 1. 0. 0. 0. 4. 0. 3. 3. 2. 0. 1. 1. 0. 0. 0. 3. 0. 0.
 1. 1. 1. 0. 0. 0. 2. 0. 2. 0. 1. 0. 0. 0. 0. 0. 0. 0. 0. 0. 0. 0. 1. 3.
 1. 1. 1. 0. 1. 1. 1. 0. 0. 0. 0. 4. 0. 0. 0. 0. 0. 2. 0. 0. 0. 0. 1. 1.
 0. 1. 0. 0. 2. 0. 1. 2. 0. 0. 0. 1. 0. 0. 2. 0. 0. 1. 0. 3. 0. 2. 0. 1.
 0. 0. 0. 0. 1. 0. 0. 1.]"
76,31,ayutthaya_1600_crowned_bronze_victoria_albert_mouth_mask,ayutthaya_1600_crowned_bronze_victoria_albert,mouth_mask,1,"[0. 2. 0. 0. 0. 0. 0. 0. 0. 0. 3. 0. 0. 0. 1. 2. 0. 0. 0. 0. 0. 0. 1. 1.
 0. 1. 0. 0. 0. 0. 3. 0. 0. 0. 0. 0. 0. 1. 0. 1. 0. 0. 0. 0. 0. 0. 0. 0.
 0. 0. 1. 1. 0. 1. 0. 0. 0. 0. 0. 0. 0. 1. 0. 0. 0. 0. 0. 0. 0. 4. 0. 0.
 0. 0. 0. 1. 0. 1. 0. 1. 0. 1. 0. 0. 0. 0. 0. 0. 0. 1. 0. 2. 0. 0. 0. 1.
 0. 0. 0. 0. 0. 0. 0. 0. 0. 1. 0. 0. 0. 3. 0. 1. 0. 0. 0. 0. 0. 0. 0. 0.
 0. 0. 2. 0. 0. 0. 1. 0. 0. 1. 0. 0. 1. 0. 1. 0. 0. 0. 0. 0. 0. 0. 0. 0.
 0. 1. 0. 1. 0. 0. 1. 0. 0. 0. 0. 0. 1. 0. 0. 0. 1. 0. 0. 0. 0. 0. 0. 1.
 0. 0. 1. 1. 1. 0. 0. 0. 0. 0. 0. 0. 1. 0. 0. 0. 1. 1. 0. 0. 0. 2. 0. 0.
 0. 0. 0. 0. 0. 0. 0. 0.]"
77,32,test_unknown_1500_bronze_met_mouth_mask,test_unknown_1500_bronze_met,mouth_mask,2,"[0. 2. 0. 0. 0. 0. 0. 0. 0. 0. 0. 0. 0. 0. 1. 2. 0. 2. 2. 0. 0. 0. 1. 0.
 3. 0. 1. 0. 1. 0. 1. 2. 2. 2. 0. 0. 1. 0. 0. 1. 1. 0. 0. 1. 1. 0. 0. 0.
 2. 0. 0. 0. 0. 0. 0. 0. 1. 2. 0. 2. 0. 4. 0. 0. 0. 0. 1. 2. 1. 0. 0. 2.
 0. 0. 0. 0. 1. 0. 1. 0. 0. 0. 1. 1. 0. 2. 1. 2. 0. 1. 0. 0. 0. 0. 0. 0.
 1. 0. 1. 2. 0. 0. 2. 0. 0. 1. 0. 0. 2. 4. 0. 0. 0. 2. 0. 0. 0. 3. 0. 1.
 2. 3. 0. 0. 0. 2. 3. 2. 1. 1. 3. 0. 0. 2. 3. 2. 1. 0. 0. 0. 0. 0. 0. 0.
 0. 1. 0. 0. 0. 0. 4. 0. 0. 0. 0. 1. 1. 1. 0. 0. 0. 0. 0. 0. 0. 1. 0. 1.
 0. 1. 0. 0. 0. 0. 1. 0. 0. 2. 1. 0. 0. 0. 0. 0. 2. 0. 0. 0. 0. 0. 0. 1.
 0. 0. 0. 2. 0. 0. 0. 1.]"
78,33,test_ayutthaya_1600_1625_bronze_walters_mouth_mask,test_ayutthaya_1600_1625_bronze_walters,mouth_mask,2,"[0. 1. 1. 2. 6. 3. 1. 0. 1. 3. 0. 1. 0. 2. 3. 0. 0. 0. 0. 0. 0. 1. 2. 1.
 2. 2. 0. 0. 0. 1. 5. 5. 2. 1. 2. 0. 0. 1. 0. 1. 4. 1. 0. 2. 1. 1. 0. 0.
 0. 1. 0. 0. 0. 0. 1. 0. 1. 1. 0. 4. 0. 4. 0. 0. 0. 0. 3. 1. 0. 0. 0. 2.
 1. 0. 0. 0. 2. 1. 0. 1. 0. 2. 0. 1. 0. 1. 1. 1. 1. 3. 0. 0. 0. 2. 1. 0.
 1. 0. 1. 2. 1. 0. 0. 1. 0. 2. 0. 0. 1. 2. 2. 0. 0. 1. 1. 0. 1. 0. 0. 0.
 0. 1. 1. 0. 0. 1. 2. 0. 1. 0. 0. 0. 1. 1. 1. 0. 0. 1. 0. 0. 0. 0. 0. 0.
 0. 0. 0. 2. 1. 0. 4. 1. 1. 1. 0. 0. 6. 2. 0. 0. 1. 0. 0. 0. 1. 0. 2. 2.
 1. 0. 2. 0. 0. 0. 2. 0. 0. 0. 0. 0. 0. 0. 2. 0. 2. 0. 1. 0. 0. 1. 1. 1.
 0. 0. 0. 0. 2. 0. 0. 0.]"
79,34,test_ayutthaya_1300_u_thong_bronze_NSW_mouth_mask,test_ayutthaya_1300_u_thong_bronze_NSW,mouth_mask,2,"[0. 1. 0. 0. 0. 2. 0. 0. 0. 1. 0. 0. 1. 0. 0. 0. 3. 1. 0. 0. 0. 3. 0. 0.
 1. 1. 0. 0. 0. 0. 0. 0. 0. 1. 1. 0. 0. 1. 0. 0. 0. 1. 1. 1. 0. 0. 0. 0.
 0. 0. 2. 0. 1. 1. 0. 0. 0. 1. 0. 3. 1. 1. 0. 0. 1. 0. 4. 0. 0. 0. 0. 0.
 1. 0. 1. 0. 1. 1. 0. 0. 0. 3. 2. 2. 0. 0. 0. 1. 3. 0. 0. 1. 2. 0. 0. 1.
 0. 0. 0. 1. 0. 0. 0. 0. 0. 0. 0. 0. 1. 0. 1. 0. 1. 1. 0. 1. 0. 2. 0. 1.
 1. 1. 1. 0. 1. 1. 2. 0. 1. 2. 0. 0. 1. 1. 0. 1. 0. 0. 0. 0. 0. 0. 0. 0.
 1. 0. 0. 0. 1. 0. 0. 2. 0. 0. 0. 1. 1. 1. 1. 0. 0. 0. 0. 0. 0. 1. 0. 1.
 0. 1. 1. 0. 0. 1. 0. 1. 0. 0. 1. 1. 0. 0. 0. 2. 1. 0. 0. 0. 0. 0. 0. 1.
 1. 0. 0. 0. 1. 0. 0. 0.]"
80,35,ayutthaya_1300_sandstone_LACMA_mouth_mask,ayutthaya_1300_sandstone_LACMA,mouth_mask,1,"[0. 0. 0. 0. 2. 0. 0. 0. 3. 0. 0. 0. 4. 0. 0. 0. 0. 0. 1. 0. 0. 1. 0. 1.
 0. 0. 0. 0. 0. 0. 0. 0. 0. 0. 0. 0. 0. 0. 1. 0. 6. 0. 0. 1. 0. 0. 0. 0.
 0. 0. 1. 0. 1. 0. 0. 0. 0. 0. 0. 0. 0. 0. 0. 7. 1. 0. 0. 1. 0. 0. 0. 2.
 0. 0. 0. 0. 0. 0. 0. 0. 0. 0. 0. 0. 0. 0. 0. 0. 0. 0. 0. 1. 0. 0. 0. 0.
 0. 0. 0. 0. 0. 0. 0. 0. 0. 0. 0. 0. 1. 0. 0. 0. 0. 0. 0. 0. 0. 1. 0. 0.
 0. 0. 0. 0. 0. 0. 1. 0. 0. 0. 0. 0. 0. 0. 0. 1. 0. 0. 0. 0. 0. 0. 0. 0.
 1. 0. 0. 3. 0. 0. 7. 1. 0. 0. 0. 0. 0. 0. 0. 0. 0. 0. 0. 0. 0. 1. 0. 1.
 0. 0. 1. 3. 0. 0. 0. 0. 0. 0. 0. 0. 0. 0. 0. 0. 0. 1. 1. 0. 0. 1. 0. 0.
 0. 0. 0. 1. 0. 0. 0. 0.]"
81,36,test_unknown_1400_copper_lacma_mouth_mask,test_unknown_1400_copper_lacma,mouth_mask,2,"[0. 2. 2. 1. 2. 0. 0. 0. 2. 1. 2. 0. 0. 0. 1. 4. 0. 1. 1. 0. 0. 0. 3. 0.
 2. 2. 0. 0. 0. 2. 1. 1. 0. 2. 2. 0. 1. 1. 2. 3. 1. 0. 2. 0. 0. 1. 0. 0.
 1. 0. 0. 1. 0. 0. 0. 0. 1. 1. 0. 0. 2. 1. 1. 0. 0. 0. 0. 2. 0. 1. 0. 3.
 0. 0. 0. 0. 3. 1. 1. 0. 3. 1. 0. 2. 1. 2. 0. 2. 1. 6. 0. 1. 0. 0. 0. 1.
 2. 0. 1. 1. 0. 0. 0. 1. 0. 3. 0. 1. 1. 2. 4. 0. 1. 2. 0. 1. 0. 0. 0. 1.
 1. 2. 1. 0. 0. 1. 2. 4. 0. 2. 0. 0. 1. 0. 1. 0. 0. 1. 0. 0. 0. 0. 0. 4.
 0. 0. 0. 0. 1. 2. 2. 0. 0. 1. 0. 0. 5. 2. 1. 0. 0. 0. 0. 0. 0. 0. 0. 0.
 0. 1. 7. 0. 0. 0. 2. 0. 2. 3. 0. 1. 1. 0. 0. 0. 0. 1. 1. 0. 0. 2. 0. 4.
 1. 0. 0. 0. 0. 0. 0. 0.]"
82,37,ayutthaya_1300_1500_bronze_victoria_albert_mouth_mask,ayutthaya_1300_1500_bronze_victoria_albert,mouth_mask,1,"[0. 1. 0. 0. 0. 0. 0. 0. 0. 0. 2. 0. 2. 2. 0. 2. 0. 1. 0. 0. 0. 1. 2. 2.
 0. 0. 0. 0. 0. 0. 0. 0. 0. 0. 0. 0. 0. 1. 1. 0. 0. 1. 0. 0. 0. 0. 0. 0.
 1. 0. 1. 0. 0. 0. 0. 0. 2. 0. 0. 0. 0. 0. 0. 2. 0. 0. 0. 0. 0. 0. 0. 0.
 1. 1. 0. 0. 1. 0. 0. 1. 0. 1. 0. 2. 0. 0. 0. 2. 1. 6. 0. 1. 0. 0. 1. 1.
 0. 0. 0. 0. 1. 0. 0. 0. 0. 0. 0. 1. 0. 0. 0. 0. 0. 0. 0. 0. 0. 1. 0. 0.
 0. 0. 1. 0. 1. 0. 1. 0. 0. 1. 0. 0. 0. 0. 0. 0. 0. 0. 0. 0. 0. 0. 0. 0.
 0. 0. 0. 3. 1. 0. 3. 0. 0. 0. 0. 0. 0. 0. 0. 1. 0. 0. 0. 0. 0. 0. 0. 0.
 0. 0. 1. 0. 0. 0. 0. 0. 0. 0. 0. 0. 5. 0. 0. 0. 1. 0. 0. 0. 1. 2. 0. 0.
 0. 0. 0. 0. 0. 0. 4. 0.]"
83,38,sukhothai_1550_1600_bronze_walters_mouth_mask,sukhothai_1550_1600_bronze_walters,mouth_mask,0,"[0. 3. 0. 0. 0. 0. 0. 0. 0. 2. 0. 0. 0. 0. 0. 3. 1. 0. 0. 0. 0. 0. 1. 0.
 0. 1. 1. 0. 1. 0. 0. 0. 0. 0. 0. 0. 0. 0. 1. 1. 0. 0. 0. 0. 0. 0. 0. 0.
 0. 0. 1. 0. 0. 0. 0. 0. 0. 0. 0. 1. 0. 0. 0. 1. 0. 0. 0. 0. 0. 1. 0. 0.
 0. 0. 0. 0. 0. 2. 0. 0. 0. 0. 0. 0. 0. 0. 0. 0. 0. 0. 0. 2. 0. 0. 1. 0.
 0. 0. 0. 0. 1. 0. 0. 0. 0. 0. 0. 0. 0. 0. 0. 0. 0. 0. 0. 0. 0. 0. 0. 0.
 0. 0. 2. 0. 0. 0. 0. 0. 0. 0. 1. 0. 1. 0. 0. 0. 0. 0. 0. 0. 0. 0. 0. 0.
 0. 0. 1. 0. 0. 0. 2. 0. 0. 0. 0. 0. 2. 0. 0. 1. 0. 1. 0. 0. 1. 0. 0. 0.
 0. 0. 0. 0. 0. 0. 0. 0. 0. 0. 0. 0. 1. 0. 0. 2. 0. 0. 0. 0. 0. 0. 0. 1.
 0. 1. 0. 0. 0. 0. 0. 1.]"
84,39,sukhothai_buddha_1300_copper_art_gallery_NSW_mouth_mask,sukhothai_buddha_1300_copper_art_gallery_NSW,mouth_mask,0,"[0. 0. 0. 0. 2. 0. 0. 1. 1. 0. 1. 0. 1. 0. 3. 1. 0. 1. 1. 1. 0. 0. 2. 2.
 0. 2. 0. 1. 3. 0. 4. 2. 1. 1. 2. 0. 0. 0. 1. 1. 0. 2. 1. 2. 0. 0. 0. 0.
 1. 1. 0. 1. 0. 1. 0. 1. 0. 0. 1. 0. 0. 0. 0. 1. 0. 0. 2. 3. 0. 1. 1. 1.
 0. 0. 0. 0. 0. 0. 0. 0. 0. 0. 0. 1. 0. 2. 0. 1. 0. 2. 0. 1. 0. 1. 0. 0.
 1. 0. 0. 0. 0. 0. 0. 0. 1. 3. 0. 2. 3. 0. 0. 0. 0. 0. 0. 0. 0. 2. 0. 0.
 1. 0. 1. 1. 0. 0. 2. 0. 2. 1. 1. 0. 0. 2. 1. 1. 3. 0. 0. 0. 0. 0. 0. 0.
 0. 0. 2. 2. 0. 0. 0. 0. 0. 0. 0. 0. 1. 1. 0. 1. 0. 0. 0. 0. 0. 1. 2. 3.
 1. 0. 3. 0. 2. 1. 0. 0. 0. 0. 0. 0. 3. 0. 1. 0. 0. 0. 1. 0. 0. 0. 0. 1.
 1. 0. 0. 1. 1. 0. 0. 0.]"
85,40,test_unknown_buddha_1400_1500_bronze_met_mouth_mask,test_unknown_buddha_1400_1500_bronze_met,mouth_mask,2,"[0. 0. 0. 0. 1. 2. 0. 1. 1. 0. 5. 1. 1. 1. 4. 2. 1. 1. 3. 0. 0. 2. 2. 1.
 0. 0. 0. 0. 1. 2. 0. 2. 1. 1. 2. 1. 0. 1. 2. 2. 4. 1. 1. 2. 2. 1. 0. 0.
 2. 1. 0. 3. 3. 0. 0. 0. 0. 1. 0. 1. 3. 0. 0. 1. 0. 0. 2. 0. 0. 0. 0. 2.
 2. 1. 0. 2. 1. 2. 0. 2. 0. 0. 2. 1. 1. 1. 1. 2. 0. 4. 0. 1. 1. 0. 0. 3.
 2. 1. 2. 2. 0. 0. 3. 0. 0. 0. 1. 1. 1. 1. 1. 1. 2. 2. 1. 0. 0. 1. 0. 0.
 2. 2. 2. 1. 0. 1. 0. 1. 1. 1. 2. 0. 0. 3. 1. 0. 2. 0. 0. 0. 0. 0. 1. 0.
 0. 1. 0. 4. 0. 0. 3. 0. 4. 1. 0. 1. 3. 1. 2. 1. 0. 0. 2. 0. 0. 0. 1. 3.
 3. 3. 1. 0. 0. 1. 1. 0. 0. 1. 2. 1. 0. 0. 1. 2. 3. 0. 3. 2. 0. 4. 0. 2.
 4. 0. 0. 0. 1. 0. 0. 1.]"
86,41,ayutthaya_1700_bronze_smithsonian _2_mouth_mask,ayutthaya_1700_bronze_smithsonian _2,mouth_mask,1,"[0. 1. 0. 0. 2. 0. 0. 1. 0. 1. 0. 0. 2. 1. 2. 1. 0. 1. 0. 0. 0. 0. 0. 0.
 0. 2. 0. 2. 0. 0. 0. 0. 0. 2. 0. 0. 1. 1. 2. 0. 2. 1. 2. 0. 0. 0. 0. 0.
 0. 0. 1. 0. 0. 0. 0. 1. 0. 1. 0. 1. 1. 1. 0. 2. 1. 0. 4. 0. 0. 0. 0. 1.
 0. 1. 0. 0. 2. 0. 0. 0. 0. 0. 0. 0. 0. 0. 2. 0. 0. 0. 0. 4. 4. 0. 1. 0.
 0. 0. 0. 1. 0. 0. 1. 0. 0. 0. 1. 0. 2. 2. 0. 0. 1. 0. 0. 0. 0. 1. 1. 1.
 1. 0. 1. 0. 1. 2. 2. 0. 0. 1. 0. 0. 0. 0. 0. 0. 0. 0. 0. 0. 1. 0. 0. 1.
 0. 0. 0. 0. 0. 2. 4. 1. 3. 0. 0. 0. 0. 0. 0. 1. 0. 0. 1. 0. 0. 0. 0. 1.
 2. 4. 0. 0. 1. 0. 0. 0. 0. 1. 0. 0. 2. 0. 0. 0. 0. 0. 0. 0. 0. 2. 0. 0.
 0. 0. 0. 0. 1. 0. 0. 0.]"
87,42,test_sukhothai_1650_bronze_phitsanulok_walters_mouth_mask,test_sukhothai_1650_bronze_phitsanulok_walters,mouth_mask,2,"[0. 0. 0. 1. 3. 0. 0. 0. 0. 1. 1. 0. 1. 1. 1. 2. 0. 1. 0. 1. 0. 1. 0. 0.
 0. 0. 1. 0. 1. 0. 2. 2. 1. 3. 0. 0. 0. 0. 0. 1. 1. 0. 1. 1. 0. 0. 1. 1.
 1. 1. 1. 1. 0. 0. 0. 0. 0. 0. 0. 2. 0. 1. 0. 0. 1. 0. 2. 0. 0. 0. 1. 0.
 1. 0. 0. 0. 2. 2. 0. 0. 0. 2. 1. 0. 0. 2. 0. 1. 0. 0. 0. 0. 0. 1. 0. 1.
 0. 1. 0. 1. 0. 0. 0. 1. 0. 0. 0. 0. 2. 1. 0. 0. 2. 1. 1. 0. 1. 0. 0. 1.
 0. 1. 2. 0. 0. 3. 0. 0. 0. 1. 0. 0. 1. 2. 0. 1. 2. 0. 0. 0. 0. 0. 3. 0.
 1. 0. 1. 2. 0. 0. 1. 0. 0. 0. 0. 0. 1. 2. 0. 0. 0. 0. 0. 0. 0. 0. 0. 2.
 1. 0. 0. 2. 0. 1. 2. 1. 1. 1. 1. 1. 0. 0. 0. 0. 0. 1. 0. 0. 0. 0. 0. 1.
 0. 0. 0. 1. 0. 0. 1. 0.]"
88,43,test_unknown_buddha_1400_bronze_met_mouth_mask,test_unknown_buddha_1400_bronze_met,mouth_mask,2,"[0. 0. 0. 0. 2. 0. 0. 0. 0. 0. 0. 0. 0. 0. 0. 2. 0. 0. 0. 0. 1. 0. 1. 0.
 0. 1. 1. 1. 1. 0. 0. 0. 0. 0. 2. 0. 0. 0. 0. 0. 0. 0. 0. 0. 0. 0. 0. 0.
 0. 0. 2. 0. 0. 0. 0. 0. 0. 0. 0. 0. 0. 0. 0. 0. 0. 0. 0. 0. 0. 0. 1. 2.
 0. 1. 0. 0. 1. 1. 0. 2. 0. 1. 0. 1. 0. 0. 0. 1. 0. 1. 2. 1. 0. 0. 0. 0.
 1. 0. 0. 0. 0. 0. 0. 0. 0. 1. 0. 1. 0. 0. 0. 0. 0. 0. 0. 0. 0. 0. 0. 0.
 0. 0. 0. 0. 0. 0. 0. 0. 0. 1. 0. 0. 0. 1. 0. 0. 0. 0. 0. 0. 0. 0. 0. 1.
 0. 0. 0. 2. 0. 0. 1. 0. 0. 0. 0. 0. 0. 0. 0. 0. 0. 0. 0. 0. 0. 0. 0. 0.
 0. 0. 0. 0. 0. 0. 0. 0. 0. 0. 0. 0. 0. 0. 0. 0. 0. 0. 0. 0. 0. 0. 0. 0.
 0. 0. 0. 1. 0. 0. 0. 0.]"
89,44,test_ayutthaya_1700_hollow_cast_bronze_crowned_walters_mouth_mask,test_ayutthaya_1700_hollow_cast_bronze_crowned_walters,mouth_mask,2,"[0. 1. 0. 1. 5. 1. 0. 0. 1. 0. 2. 0. 0. 1. 0. 2. 1. 2. 0. 0. 0. 1. 0. 1.
 0. 0. 0. 0. 1. 2. 0. 7. 0. 1. 0. 0. 0. 0. 0. 0. 3. 1. 0. 0. 0. 0. 0. 0.
 0. 0. 0. 0. 0. 0. 0. 0. 0. 0. 0. 1. 0. 0. 0. 1. 0. 0. 0. 0. 0. 0. 0. 0.
 0. 1. 0. 2. 2. 0. 1. 0. 0. 0. 1. 0. 0. 0. 0. 3. 0. 1. 0. 1. 0. 1. 1. 0.
 0. 0. 0. 0. 0. 0. 0. 1. 0. 0. 0. 1. 1. 0. 0. 1. 1. 1. 0. 0. 1. 1. 0. 0.
 0. 0. 3. 0. 0. 0. 0. 1. 0. 0. 0. 0. 0. 1. 1. 0. 0. 0. 0. 0. 0. 0. 0. 1.
 0. 0. 0. 0. 0. 0. 0. 0. 0. 0. 0. 3. 0. 0. 0. 0. 0. 0. 2. 0. 0. 0. 1. 1.
 0. 0. 2. 2. 1. 0. 0. 0. 0. 0. 0. 0. 0. 0. 0. 0. 0. 1. 0. 0. 0. 0. 0. 0.
 0. 0. 0. 0. 0. 0. 0. 0.]"
